,is_present,month,largeroom_temp,smallroom_temp,bathroom_temp,largeroom_hum,smallroom_hum,bathroom_hum,largeroom_presence,smallroom_presence,bathroom_presence
0,1.0,4.0,24.13625954198476,26.465049413849517,28.793839285714267,30.69729007633589,27.02145753816793,23.345624999999973,0.0541393487421957,0.0759329075369786,0.0754331039477905
1,1.0,5.0,23.41012500000001,24.413761686991883,25.41739837398375,36.74125,41.03115345528455,45.32105691056911,0.0587622259823509,0.0689288799648246,0.110782111802661
2,1.0,5.0,22.7351595744681,23.903818525972788,25.07247747747748,43.88909574468087,41.893354178646746,39.89761261261263,0.0374939934583761,0.0498321274484511,0.0943054704900908
3,1.0,5.0,22.375888324873102,24.692477495769893,27.00906666666668,31.2489847715736,30.536603496897914,29.824222222222232,0.0424037060812666,0.0651896103306638,0.0841195190562883
4,1.0,5.0,21.643841059602664,22.53885694598632,23.43387283236997,33.327152317880795,37.0385761589404,40.75000000000001,0.0599622727789284,0.0519928594919293,0.0706694965599904
5,0.0,5.0,16.349663865546223,18.07663017838714,19.803596491228063,39.95865546218485,38.29143299425032,36.624210526315785,0.0040219378431725,0.0038105475867251,0.006230642448031
6,0.0,5.0,13.22461538461539,14.565720390720394,15.906825396825395,43.51638461538458,41.55295421245421,39.58952380952384,0.0,0.0,0.0
7,0.0,5.0,11.572477876106202,12.596778153739372,13.621078431372542,43.835132743362834,42.22237029325005,40.60960784313727,0.0004551253468108,0.000440722091594,0.0001443231483257
8,0.0,5.0,11.5062,11.918390697674422,12.330581395348844,45.37820000000001,52.6270069767442,59.87581395348839,0.0009984265209417,0.0005371149204819,0.0035477929901556
9,0.0,5.0,12.23756756756757,12.365054970224458,12.492542372881346,46.87063063063066,57.23535768819669,67.60008474576273,0.0,0.0,0.0
10,0.0,5.0,13.097789473684212,13.15740664160401,13.217023809523807,44.14526315789472,45.14965538847116,46.15404761904761,0.0,8.125588748407282e-05,0.0
11,0.0,5.0,13.99525547445255,13.965342969014344,13.935430463576138,44.585547445255486,45.12101875574034,45.6564900662252,0.0,0.0,0.0
12,0.0,5.0,15.712592592592603,16.53639433551199,17.360196078431375,41.872888888888895,40.96376470588236,40.05464052287581,0.00364070296164,0.0014750911137636,0.0040519611447559
13,1.0,5.0,22.39748743718592,24.298572485716257,26.19965753424659,41.90402010050253,41.994869639292354,42.08571917808218,0.0368105042224115,0.0601744241119957,0.0753566834007193
14,0.0,5.0,19.346526946107787,20.06255795158151,20.77858895705524,45.374071856287465,43.965900958818565,42.55773006134967,0.0041055628091427,0.0055288464525924,0.0080875661526493
15,0.0,5.0,17.045963855421682,17.358071213425127,17.67017857142857,52.09981927710842,52.100237019506594,52.10065476190477,0.0003075994120303,0.0002206079838863,0.0001487362766392
16,0.0,5.0,16.730406504065044,16.91473813575346,17.099069767441872,52.34943089430893,52.52878521459634,52.70813953488376,0.0,0.0,0.0
17,0.0,5.0,15.364330708661416,15.550878589624824,15.737426470588233,53.133937007874,53.38707879805464,53.64022058823528,0.0,0.0,0.0
18,0.0,5.0,14.191249999999998,14.860982142857145,15.530714285714287,53.10812499999999,52.1814732142857,51.25482142857142,0.0,8.331784714144143e-05,0.0002970511013169
19,1.0,5.0,20.51850931677019,22.37055674171844,24.222604166666688,56.70173913043476,54.29177234299517,51.8818055555556,0.0530958309441263,0.0761032417468905,0.0845970399912347
20,1.0,5.0,22.180860215053755,23.057683628653628,23.9345070422535,57.77129032258065,58.79730009086778,59.8233098591549,0.0461755900652531,0.0751113228051024,0.079591114968396
21,0.0,5.0,20.60240963855422,21.356796217126572,22.11118279569893,51.73975903614456,50.75568596968518,49.7716129032258,0.0032105558276977,0.0045746694971321,0.0069044089146308
22,0.0,5.0,19.39240000000001,19.93243655913978,20.47247311827956,52.958499999999965,51.41451881720427,49.87053763440856,0.0,0.0,0.0
23,0.0,5.0,19.57560975609756,19.916554878048775,20.257500000000004,52.3939024390244,51.1508574695122,49.9078125,0.0,0.0,0.0
24,0.0,5.0,18.42283018867924,18.926660995978967,19.43049180327869,56.927735849056624,55.83935972780701,54.75098360655738,0.0,0.0,0.0
25,0.0,5.0,18.35160377358492,18.779230458221036,19.206857142857142,54.45009433962262,53.115047169811305,51.77999999999999,0.0,0.0,0.0
26,0.0,5.0,16.90599999999999,17.342360465116265,17.77872093023254,50.63136842105262,49.55469583843328,48.47802325581394,0.0,0.0,0.0
27,0.0,5.0,16.47790123456788,16.72238811728394,16.966874999999998,51.55234567901234,50.74267283950616,49.93299999999998,0.0,0.0,0.0
28,0.0,5.0,17.06450980392157,17.127137254901967,17.18976470588236,52.85029411764706,52.3455,51.84070588235295,0.0,0.0,0.0
29,0.0,5.0,17.568316831683166,17.620663792185667,17.673010752688164,51.24574257425744,50.97964548067709,50.71354838709675,0.0,0.0,0.0
30,0.0,5.0,17.22897435897436,17.273409593280284,17.317844827586207,49.59692307692312,49.44294429708223,49.28896551724134,0.0,0.0,0.0
31,0.0,6.0,18.444779411764696,20.789574171901755,23.13436893203881,52.12367647058821,47.37302755568248,42.622378640776745,0.0060804597790391,0.0014505783760922,0.0077181320286718
32,1.0,6.0,20.5320325203252,23.347703957323468,26.163375394321736,48.66065040650409,43.66275422533407,38.664858044164056,0.0367620978398197,0.0534432385850223,0.0985271987026249
33,0.0,6.0,17.200769230769236,18.40184803001877,19.602926829268306,46.28935897435894,41.8085209505941,37.32768292682926,0.0001621632254048,0.0001397092488633,8.223312470517111e-05
34,0.0,6.0,16.81560000000001,17.45016559139785,18.084731182795693,45.70400000000002,42.66334408602151,39.62268817204299,0.0,0.0,0.0
35,0.0,6.0,17.742471910112357,18.05309642017246,18.36372093023256,45.49573033707862,43.92059772667885,42.34546511627907,0.0011184210203485,0.0013037528949055,0.0009075700216436
36,0.0,6.0,19.073258426966277,19.23034208477027,19.387425742574266,51.21494382022472,50.669897652686615,50.12485148514852,0.0,8.338933608685809e-05,0.0
37,0.0,6.0,19.643870967741957,19.658253313328338,19.67263565891472,60.516935483871,63.53296386596652,66.54899224806205,0.0120529847888981,0.0013053226877017,0.0021745090859742
38,1.0,6.0,21.92032967032967,22.57953983516484,23.23875000000001,60.59032967032965,61.359271978021965,62.12821428571427,0.0228692851355338,0.0612060136093712,0.0918704321950445
39,1.0,6.0,22.61939393939394,23.84016280820629,25.060931677018647,64.25666666666667,66.22802277432709,68.1993788819875,0.0151368698300227,0.047241604634037,0.330582498638898
40,0.0,6.0,22.04320388349513,23.32616715913887,24.609130434782603,58.30300970873787,55.844439636977626,53.38586956521738,0.0034671903472848,0.0047241863356013,0.0039512566975708
41,0.0,6.0,20.431162790697677,21.56316566501176,22.69516853932585,54.28139534883717,51.362383067677015,48.44337078651685,0.0,0.0,0.0
42,0.0,6.0,19.14462264150944,20.09599818944158,21.04737373737373,52.45971698113207,49.627686773394295,46.79565656565652,0.0,0.0,0.0
43,0.0,6.0,18.2191509433962,18.661410914736077,19.103670886075943,55.177169811320745,53.77972414616671,52.38227848101267,0.0018085277042428,0.0020887237860547,0.0052079047094982
44,1.0,6.0,23.79282442748089,25.136164122137394,26.479503816793898,56.22633587786261,54.071603053435126,51.91687022900764,0.0490217730335991,0.0429612877485069,0.0924359529442768
45,1.0,6.0,24.432718446601932,26.97420013239187,29.515681818181804,56.92796116504856,51.55128171888792,46.17460227272727,0.0224555324116626,0.0279493085536234,0.0686167067263473
46,1.0,6.0,24.54956989247311,26.580350983972394,28.61113207547168,60.099032258064526,55.54740921079327,50.99578616352201,0.0263953217143317,0.0576001638593515,0.0674234075483525
47,1.0,6.0,24.810989010989,26.012301734410165,27.213614457831337,65.38868131868132,62.774039454521386,60.15939759036145,0.0264569856400873,0.0231851844356002,0.0712966555282358
48,1.0,6.0,24.685398230088484,25.94582032716545,27.20624242424241,63.98672566371685,62.35775677125236,60.72878787878788,0.0263583345956798,0.0311300621688537,0.0624604908208238
49,1.0,6.0,25.209782608695654,25.912372507355343,26.614962406015028,57.63793478260869,60.70862904543969,63.77932330827069,0.0265183765721192,0.0391742624687028,0.0571828028484287
50,1.0,6.0,26.325578947368413,26.717625539257973,27.10967213114753,56.08736842105265,58.48003666954273,60.8727049180328,0.0164713359283787,0.0334827648685408,0.0642009225514388
51,1.0,6.0,26.696699029126197,27.08110951456311,27.46552000000003,64.00621359223301,64.94058679611652,65.87496000000003,0.0164407551792643,0.0512019885881112,0.0493565520629642
52,0.0,6.0,24.010829493087567,24.64634395008361,25.281858407079657,60.461520737327234,59.45385771379634,58.44619469026544,0.0023378212055369,0.0048474672913697,0.0074871143066873
53,0.0,6.0,23.254580645161266,23.830024135530277,24.40546762589928,62.425419354838745,61.25900464144814,60.09258992805755,8.192814320341282e-05,0.0006192490156449,0.0002255148628091
54,0.0,6.0,21.846785714285694,22.60966945288753,23.372553191489363,60.3471428571429,58.693677811550174,57.04021276595744,0.0,0.0,0.0
55,0.0,6.0,22.19976190476191,22.19976190476191,22.19976190476191,59.08809523809524,59.08809523809524,59.08809523809524,0.0012521157778471,8.284671905566728e-05,8.181497542843376e-05
56,0.0,6.0,21.38333333333333,21.971666666666664,22.56,62.25208333333333,58.87104166666666,55.49,0.0,0.0,0.0
57,0.0,7.0,21.6285,21.6285,21.6285,62.497500000000045,62.497500000000045,62.497500000000045,0.0077554761944836,0.0151450267230878,0.0114598444833478
58,1.0,7.0,21.76785714285714,21.76785714285714,21.76785714285714,58.13746753246755,58.13746753246755,58.13746753246755,0.0363125444069436,0.0504389176748231,0.0585016434937292
59,1.0,7.0,22.486503496503516,22.486503496503516,22.486503496503516,51.6039160839161,51.6039160839161,51.6039160839161,0.0205236349038814,0.0482988868571525,0.0567265906251483
60,1.0,7.0,23.97138888888888,23.97138888888888,23.97138888888888,48.00361111111114,48.00361111111114,48.00361111111114,0.018853009015314,0.0424876307826536,0.0548112840060595
61,1.0,7.0,25.59182352941177,25.59182352941177,25.59182352941177,51.32400000000002,51.32400000000002,51.32400000000002,0.0112316063312541,0.0443361737750668,0.0510187134468182
62,1.0,7.0,23.28267605633804,23.28267605633804,23.28267605633804,49.65725352112678,49.65725352112678,49.65725352112678,0.0216300517218316,0.0478195948081848,0.0582370917947632
63,0.0,7.0,22.713559322033912,22.713559322033912,22.713559322033912,42.547711864406764,42.547711864406764,42.547711864406764,0.015115071781014,0.0258705236461191,0.0350428293827736
64,1.0,7.0,24.49470588235295,24.49470588235295,24.49470588235295,47.34504201680672,47.34504201680672,47.34504201680672,0.018662196778609,0.0454963234338404,0.0770314329907831
65,1.0,7.0,24.80241071428571,24.80241071428571,24.80241071428571,47.83928571428577,47.83928571428577,47.83928571428577,0.0124747727171249,0.0345880213524768,0.0581309574937958
66,1.0,7.0,25.176643356643364,25.176643356643364,25.176643356643364,49.59552447552448,49.59552447552448,49.59552447552448,0.0122139123750379,0.0422086249484171,0.0584962924743132
67,1.0,7.0,24.413777777777817,24.413777777777817,24.413777777777817,54.634074074074086,54.634074074074086,54.634074074074086,0.0103933234486479,0.0438731491043204,0.0499292408402095
68,0.0,7.0,24.09739436619719,24.09739436619719,24.09739436619719,57.25373239436617,57.25373239436617,57.25373239436617,0.0001650169968319,0.0016575179413277,0.0004447156838476
69,0.0,7.0,22.75360655737705,22.75360655737705,22.75360655737705,59.164672131147526,59.164672131147526,59.164672131147526,0.0,0.0,0.0
70,0.0,7.0,22.138205128205136,22.138205128205136,22.138205128205136,56.33987179487182,56.33987179487182,56.33987179487182,0.0011533915198576,0.0039772729206546,0.0058728591315074
71,0.0,7.0,23.086190476190467,23.086190476190467,23.086190476190467,56.58702380952381,56.58702380952381,56.58702380952381,0.0001662304908138,0.0004005434731845,0.0002080616652556
72,0.0,7.0,24.493032786885227,24.493032786885227,24.493032786885227,58.70286885245901,58.70286885245901,58.70286885245901,0.0,0.0,0.0
73,0.0,7.0,23.7114465408805,23.7114465408805,23.7114465408805,59.68427672955977,59.68427672955977,59.68427672955977,0.0,0.0001407595391798,0.0012368105252575
74,0.0,7.0,22.443412698412708,22.443412698412708,22.443412698412708,46.26452380952379,46.26452380952379,46.26452380952379,0.0001504327755843,0.000207569427876,0.0011697045186847
75,0.0,7.0,21.76455223880595,21.76455223880595,21.76455223880595,50.09305970149254,50.09305970149254,50.09305970149254,0.0,0.0,0.0
76,0.0,7.0,20.142056737588643,20.142056737588643,20.142056737588643,59.78560283687942,59.78560283687942,59.78560283687942,0.0,0.0,0.0
77,0.0,7.0,19.992105263157903,19.992105263157903,19.992105263157903,60.994315789473696,60.994315789473696,60.994315789473696,0.0,0.0,0.0
78,0.0,7.0,20.258695652173916,20.258695652173916,20.258695652173916,53.00043478260873,53.00043478260873,53.00043478260873,0.0,0.0,0.0
79,0.0,7.0,21.200280373831788,21.200280373831788,21.200280373831788,56.133831775700926,56.133831775700926,56.133831775700926,0.0,0.0,0.0
80,0.0,7.0,22.901073446327697,22.901073446327697,22.901073446327697,56.78858757062146,56.78858757062146,56.78858757062146,0.0025560636657207,0.0018988669406963,0.005232018532397
81,1.0,7.0,24.16866279069766,24.16866279069766,24.16866279069766,56.24476744186051,56.24476744186051,56.24476744186051,0.0306815899880371,0.0678714449826341,0.0991781033354037
82,1.0,7.0,22.574251968503948,22.574251968503948,22.574251968503948,58.32559055118112,58.32559055118112,58.32559055118112,0.0292915892496299,0.0688293254616688,0.0776015116428464
83,1.0,7.0,22.00608695652173,22.00608695652173,22.00608695652173,56.67521739130434,56.67521739130434,56.67521739130434,0.039779905270496,0.0665635677572945,0.0770800469186306
84,0.0,7.0,21.296341463414635,21.296341463414635,21.296341463414635,67.20024390243901,67.20024390243901,67.20024390243901,0.0102009655693623,0.0123077604431769,0.010854622473031
85,0.0,7.0,23.629781021897816,23.629781021897816,23.629781021897816,65.12817518248175,65.12817518248175,65.12817518248175,0.0287445408647414,0.07301611075809,0.0790206380799562
86,0.0,7.0,23.930303030303044,23.930303030303044,23.930303030303044,60.529292929292936,60.529292929292936,60.529292929292936,0.0187470792745809,0.0360457896414923,0.0817448510460217
87,0.0,7.0,23.54372262773724,23.54372262773724,23.54372262773724,58.03992700729928,58.03992700729928,58.03992700729928,0.0257001237497193,0.0335594976828742,0.089029903799054
88,0.0,8.0,23.743809523809507,23.743809523809507,23.743809523809507,66.4657142857143,66.4657142857143,66.4657142857143,0.0118389426045733,0.0112072284227553,0.0404003061349188
89,0.0,8.0,23.35488805970151,23.35488805970151,23.35488805970151,63.87227611940301,63.87227611940301,63.87227611940301,0.0248157996842849,0.0426782730083025,0.0813784705590285
90,0.0,8.0,22.939044943820225,22.939044943820225,22.939044943820225,63.52011235955054,63.52011235955054,63.52011235955054,0.0338525935839844,0.0365014047570125,0.0925033353962446
91,0.0,8.0,23.45125000000003,23.45125000000003,23.45125000000003,65.31024193548383,65.31024193548383,65.31024193548383,0.0353261800565586,0.0398785895511844,0.085053415396427
92,0.0,8.0,24.270480769230776,24.270480769230776,24.270480769230776,72.56730769230771,72.56730769230771,72.56730769230771,0.0312602367052717,0.0647811752883257,0.0802313826477006
93,1.0,8.0,24.46604166666667,23.513020833333336,22.56,61.03119791666665,58.260598958333325,55.49,0.0192207784443986,0.0744552073035902,0.05159453987279
94,1.0,8.0,21.84743421052632,21.84743421052632,21.84743421052632,55.33032894736844,55.33032894736844,55.33032894736844,0.0364600946526723,0.038025676029869,0.0611839226044197
95,1.0,8.0,22.206363636363623,22.206363636363623,22.206363636363623,55.51945454545456,55.51945454545456,55.51945454545456,0.0284427975575715,0.0300361744669494,0.0514732128995494
96,1.0,8.0,22.49744525547446,22.49744525547446,22.49744525547446,63.2287591240876,63.2287591240876,63.2287591240876,0.0299448125596285,0.0506297173834447,0.0513187377002996
97,1.0,8.0,22.372127659574478,22.372127659574478,22.372127659574478,55.44042553191489,55.44042553191489,55.44042553191489,0.0314389661783653,0.0384144709302318,0.0397295380362382
98,1.0,8.0,23.06645161290323,23.06645161290323,23.06645161290323,49.582096774193566,49.582096774193566,49.582096774193566,0.0379116370692775,0.0448987085703564,0.0604676409348319
99,1.0,8.0,24.369747899159652,24.369747899159652,24.369747899159652,52.3910084033613,52.3910084033613,52.3910084033613,0.0317047066416111,0.0312438459590787,0.0588167944087767
100,1.0,8.0,26.46563909774436,26.46563909774436,26.46563909774436,64.36939849624063,64.36939849624063,64.36939849624063,0.0240986642475538,0.0397879958336474,0.0446317056204723
101,1.0,8.0,26.89269565217389,26.89269565217389,26.89269565217389,64.2042608695652,64.2042608695652,64.2042608695652,0.011576332985925,0.04168126042585,0.0402015579969359
102,1.0,8.0,27.3581884057971,24.959094202898548,22.56,52.74876811594203,54.11938405797102,55.49,0.0110643753479304,0.0197110292974656,0.033053065779813
103,1.0,8.0,28.490090909090902,28.490090909090902,28.490090909090902,55.889454545454576,55.889454545454576,55.889454545454576,0.0069226449500349,0.0243937642564114,0.0373733504181814
104,1.0,8.0,28.66939597315437,28.22616857481248,27.78294117647059,54.27523489932888,54.1679115673115,54.06058823529412,0.0050364199114701,0.0341544202362902,0.0366518281258378
105,1.0,8.0,27.811805555555537,28.07195172882673,28.33209790209792,61.249097222222176,62.42332483488731,63.59755244755244,0.0131084267926265,0.0559682636173742,0.0526223387538551
106,0.0,8.0,26.126788990825684,26.704269495412845,27.28175000000001,66.37009174311927,65.11017087155963,63.85025,0.0001657040590192,0.0004792303486863,0.0004311010273586
107,0.0,8.0,25.44243055555553,26.08878990464344,26.735149253731358,67.64819444444447,65.9896942371476,64.33119402985075,0.0005579471291085,0.0050144016692827,0.0082855692270897
108,0.0,8.0,23.87468085106384,24.54007726763717,25.205473684210496,58.6695744680851,56.393366181411,54.11715789473688,0.0001651829515184,0.0004662252175974,0.0
109,0.0,8.0,23.079263803681,23.662283835542148,24.245303867403297,60.22668711656446,58.58839880690099,56.95011049723752,0.0,0.0,0.0
110,0.0,8.0,21.98936842105261,22.5501780376868,23.110987654320983,59.393263157894765,57.17632293697207,54.95938271604938,0.0,0.0,8.1738012443885e-05
111,1.0,8.0,23.5223,23.848269205298017,24.17423841059603,59.91569999999997,62.325631456953616,64.73556291390726,0.0250459703498502,0.0621965423000352,0.0253316322126931
112,1.0,8.0,25.45359477124181,25.45359477124181,25.45359477124181,73.1237908496732,73.1237908496732,73.1237908496732,0.0139105148841683,0.0580288996543441,0.0418601340301032
113,1.0,8.0,22.92,24.86482926829268,26.80965853658536,64.13,67.22012195121951,70.31024390243901,0.0317573264431672,0.0454945378278815,0.0430906822085166
114,0.0,8.0,22.92,24.274579646017692,25.62915929203539,64.13,63.94836283185837,63.76672566371674,0.0004416688340359,0.0068702691472683,0.0044046208241415
115,0.0,8.0,22.570320512820523,23.37389402264403,24.17746753246754,69.6634615384616,67.64968531468534,65.63590909090907,0.0,8.121221274518241e-05,0.0
116,0.0,8.0,23.145277777777764,23.72770931142409,24.31014084507041,74.51875000000001,72.95867077464789,71.39859154929577,0.0,0.0,0.0
117,0.0,8.0,21.124158415841578,21.7758411126827,22.427523809523823,70.5062376237624,68.20873785950026,65.91123809523812,0.0,0.0,0.0
118,0.0,8.0,19.679075630252093,20.377152494025125,21.075229357798158,64.20705882352944,61.79830005396654,59.389541284403656,0.0,0.0,0.0
119,0.0,9.0,18.493555555555545,18.97888621151271,19.46421686746987,64.31577777777778,62.72198527443105,61.12819277108432,0.0,0.0,0.0
120,0.0,9.0,18.749230769230756,19.144251748251733,19.53927272727272,65.38439560439562,63.86865234765237,62.35290909090912,0.0,8.150694408364606e-05,0.0
121,0.0,9.0,18.627040816326527,19.04269396188227,19.45834710743802,63.8058163265306,62.195180890538026,60.584545454545456,0.0,0.0,0.0
122,0.0,9.0,17.485362318840583,17.859541624536572,18.23372093023256,62.279855072463775,60.86213683855746,59.44441860465115,0.0,0.0,0.0
123,0.0,9.0,18.24816326530612,18.51292001649145,18.77767676767677,64.54744897959183,63.5426638837353,62.53787878787876,0.0,0.0005741170549993,0.0
124,0.0,9.0,18.94180952380952,19.098783549783548,19.25575757575757,66.4370476190476,65.66943290043288,64.90181818181816,0.0,0.0,0.0
125,0.0,9.0,19.98197674418605,19.88617824551074,19.79037974683544,69.95209302325586,70.55940094200767,71.16670886075947,0.0,0.0,0.0
126,0.0,9.0,20.24879120879121,20.36621913380737,20.48364705882353,65.97219780219784,65.55121654815773,65.13023529411763,0.0,0.0004572798106656,0.0
127,0.0,9.0,20.54375,20.525275,20.5068,68.12275,68.06917499999997,68.01559999999996,0.0,8.617211447284742e-05,0.0
128,0.0,9.0,21.221666666666653,21.087367424242416,20.953068181818185,66.9102083333333,66.98152462121212,67.05284090909092,0.0,0.0,8.162943050601333e-05
129,0.0,9.0,21.3579518072289,21.37988499452354,21.40181818181818,66.51253012048196,66.18262869660464,65.85272727272731,0.0,0.0003963855962847,0.0
130,0.0,9.0,21.55917525773195,21.609908141686496,21.66064102564104,65.32092783505153,64.92591263547448,64.53089743589742,0.0,0.0,0.0
131,0.0,9.0,21.89450704225353,21.799161415863612,21.703815789473705,69.48992957746479,70.36269505189028,71.23546052631579,0.0,0.0,0.0
132,0.0,9.0,19.942212389380533,20.171827348536414,20.4014423076923,63.293185840707984,62.31611215112324,61.33903846153848,0.0,0.0,0.0
133,0.0,9.0,18.008190476190485,18.365913419913426,18.72363636363636,58.04990476190478,56.46530591630591,54.88070707070705,0.0,0.0,0.0
134,0.0,9.0,18.357692307692297,18.402984084880632,18.448275862068968,64.31817307692307,63.888914124668446,63.45965517241381,0.0,0.0,0.0
135,0.0,9.0,19.77958333333333,19.530680555555552,19.28177777777777,74.11687499999998,74.99499305555554,75.87311111111109,0.0,0.0,0.0
136,0.0,9.0,21.100238095238097,20.77806680881307,20.45589552238804,68.49238095238096,69.79242181947403,71.0924626865671,0.0,8.291266855790837e-05,0.0
137,0.0,9.0,19.478644067796616,19.709322033898307,19.94,69.88533898305087,70.56047901533496,71.23561904761905,0.005257139066834,0.0081418314954742,0.0064330618390752
138,1.0,9.0,20.466833333333348,20.838589080459776,21.21034482758621,65.49191666666667,64.77350143678161,64.05508620689656,0.035156266305125,0.038470419832969,0.0883417512713692
139,1.0,9.0,22.34492307692309,23.386219927723285,24.42751677852348,63.19799999999997,61.355577181208034,59.5131543624161,0.0067032347779371,0.0225811481569416,0.0720248181036842
140,1.0,9.0,23.76149999999999,24.659204106280185,25.556908212560373,65.74687500000005,64.67268870772949,63.59850241545895,0.0179125378903567,0.0274366664562435,0.0939243156638387
141,1.0,9.0,23.09753768844219,24.4699419211442,25.8423461538462,67.4354271356784,62.04913664476227,56.66284615384615,0.0739286181782151,0.0517176536982489,0.0980972662856448
142,0.0,9.0,20.01714285714287,21.347635944700475,22.67812903225808,62.58373015873016,60.03667153097798,57.489612903225805,0.0037519900603377,0.0058365970056132,0.0146057009889482
143,0.0,9.0,19.020999999999997,19.94747183098591,20.87394366197183,68.14985714285713,64.83591448692152,61.52197183098593,0.0021611105147762,0.0030854572272483,0.0001423075022089
144,0.0,9.0,19.011707317073167,19.907567944250864,20.80342857142856,75.51463414634149,70.8226742160279,66.1307142857143,0.0,0.0,0.0
145,1.0,9.0,19.43745098039216,20.247882116702108,21.058313253012056,67.53049019607843,64.69193184502717,61.8533734939759,0.0,0.0,0.0
146,1.0,9.0,19.18336734693877,19.995780895691603,20.80819444444444,66.14775510204079,63.081308106575946,60.014861111111095,0.0,0.0,0.0
147,1.0,9.0,18.82041237113401,19.770458710819533,20.720505050505054,68.67350515463922,65.12756065812769,61.58161616161616,0.000332532324376,0.000435609281535,0.000145277247066
148,1.0,9.0,22.699388888888887,21.537648989899,20.375909090909104,58.95083333333329,64.67359848484847,70.39636363636365,0.0093281475979031,0.0002511557347311,0.0186370474433175
149,1.0,10.0,22.51600000000001,22.50776377952757,22.49952755905513,52.16512500000001,56.34752312992126,60.52992125984251,0.0102954018099546,0.0,0.0294001504713437
150,1.0,10.0,19.217094017094,20.26862765370829,21.320161290322577,62.74854700854702,59.6389106010477,56.529274193548375,0.0003354110576105,0.0012846803144223,0.0003068171213451
151,0.0,10.0,19.38768939393942,20.24580041652692,21.10391143911441,65.22481060606061,62.76375216649892,60.30269372693723,0.0034084386714537,0.0030413141129585,0.0078390733301627
152,0.0,10.0,17.063571428571432,17.615960972017678,18.168350515463924,60.87948979591834,58.87871397012414,56.87793814432993,0.0,0.0,0.0
153,0.0,10.0,16.053384615384612,16.444351037851032,16.83531746031745,63.50723076923076,62.10762332112331,60.70801587301587,0.0,0.0,0.0
154,0.0,10.0,15.847605633802814,16.126385461529516,16.405165289256214,66.22849765258215,64.97187279323325,63.71524793388433,0.0,0.0,0.0
155,0.0,10.0,15.603505747126452,15.838400918255964,16.073296089385472,66.94735632183907,65.53728151287484,64.12720670391062,0.0,0.0,0.0
156,0.0,10.0,13.288062500000006,13.736577262269943,14.185092024539884,50.16274999999999,48.39631365030675,46.62987730061352,0.0,0.0,0.0
157,0.0,10.0,10.70527777777778,11.135386636636635,11.565495495495494,57.01990740740737,55.259458208208194,53.499009009009015,0.0,0.0,0.0
158,0.0,10.0,10.834220779220782,10.940558665472462,11.04689655172414,68.37805194805198,66.61630183609493,64.85455172413789,0.0,0.0,0.0
159,0.0,10.0,14.049629629629637,13.670238543628376,13.290847457627113,86.18659259259259,85.55490646578785,84.92322033898311,0.0002512885469856,0.0002197772128927,8.375042416613175e-05
160,0.0,10.0,14.79520000000001,14.722766666666674,14.650333333333338,76.56832000000004,76.02536833333335,75.48241666666667,0.0,0.0,0.0
161,0.0,10.0,18.92711382113821,19.274698642852563,19.62228346456692,70.87975609756094,68.7641890724025,66.64862204724407,0.0019002786639912,0.0130224562650444,0.0071896665708152
162,1.0,10.0,22.652618025751064,24.52291175260156,26.393205479452057,61.67107296137341,58.82883785054969,55.98660273972596,0.0351339684059976,0.1082857222527329,0.0676732704671131
163,0.0,10.0,18.43575539568345,19.305962804224706,20.176170212765964,48.21280575539567,46.724842594009885,45.23687943262409,0.0075552847470066,0.0181938585891931,0.0154915045973847
164,0.0,10.0,13.602155172413786,14.462380107215294,15.322605042016802,55.65879310344827,55.08679150970732,54.51478991596637,0.0,0.0,0.0
165,0.0,10.0,11.752421052631588,12.462082619339052,13.171744186046515,56.07431578947367,55.38366952264381,54.69302325581396,0.0,0.0,0.0
166,0.0,10.0,10.299047619047633,10.939246031746038,11.579444444444444,55.97741496598635,55.534448223733904,55.091481481481466,0.0,0.0,0.0
167,0.0,10.0,10.173608247422688,10.6001749102282,11.026741573033716,59.5080412371134,59.60056556237693,59.69308988764045,0.0,0.0,0.0002169828721163
168,1.0,10.0,17.109584775086493,18.82223843070872,20.53489208633096,71.07262975778549,69.23854509472007,67.40446043165464,0.0973355981196524,0.0496015208676417,0.0524245292577022
169,1.0,10.0,19.86589641434261,24.194930189153304,28.52396396396399,65.8758167330677,55.03266812629364,44.18951951951958,0.030911344490205,0.0586408485103154,0.0563034210033159
170,0.0,10.0,17.205922330097085,18.38314345671522,19.56036458333336,66.94941747572817,63.0865056128641,59.22359375000003,0.0059467752172435,0.0072106739595111,0.0116434186257093
171,0.0,10.0,14.662882882882872,15.704892768875071,16.746902654867274,65.96090090090088,63.41695487522919,60.87300884955749,0.0,0.0,0.0
172,0.0,10.0,14.242166666666694,15.098008620689669,15.95385057471264,66.82238888888888,64.20938409961687,61.59637931034487,0.0,0.0,0.0
173,0.0,10.0,13.761700000000012,14.462600000000007,15.163500000000004,67.58129999999998,65.37989999999998,63.17849999999997,0.0,0.0,0.0
174,0.0,10.0,13.27142857142858,13.803161094224926,14.334893617021274,67.89552380952382,66.26643211752787,64.63734042553193,0.0,0.0,0.0
175,0.0,10.0,12.8870625,13.300831250000003,13.71460000000001,67.0966875,65.6131104166667,64.12953333333341,0.0,0.0,0.0
176,0.0,10.0,12.101481481481487,12.482420428240747,12.863359375000003,67.4957777777777,66.59003732638885,65.684296875,0.0,0.0,0.0
177,0.0,10.0,12.491846153846144,12.65311538461538,12.814384615384617,68.28061538461534,67.5060769230769,66.73153846153845,0.0,8.373280471056202e-05,0.0
178,0.0,10.0,12.729395973154384,12.821226483986525,12.913056994818666,68.61214765100672,68.08892356643602,67.56569948186532,0.0,0.0,0.0
179,0.0,10.0,13.173893805309726,13.198232616940585,13.22257142857144,69.05451327433624,68.34935187526335,67.64419047619047,0.0,0.0,0.0
180,0.0,11.0,12.129473684210517,12.3347814849624,12.540089285714286,66.50157894736839,65.68226268796992,64.86294642857146,0.0,0.0,0.0
181,0.0,11.0,12.050232558139522,12.071337209302303,12.092441860465083,66.91813953488366,66.56171511627906,66.20529069767444,0.0,0.0,0.0
182,0.0,11.0,12.30976415094341,12.285142945036911,12.260521739130418,68.20386792452835,67.40197744052503,66.6000869565217,0.0,0.0,0.0
183,0.0,11.0,11.501768707482988,11.638863805796287,11.77595890410959,65.27081632653059,64.4029081632653,63.535,0.0,0.0,0.0
184,0.0,11.0,10.771148325358846,10.84592175626232,10.920695187165794,68.13569377990432,68.04864902898959,67.96160427807486,0.0,0.0,0.0
185,0.0,11.0,11.207151515151512,11.163548133266364,11.119944751381215,67.79339393939395,67.59708371002847,67.40077348066299,0.0,0.0,0.0
186,0.0,11.0,10.905072463768116,10.922947190788168,10.94082191780822,67.12391304347825,66.99291542584871,66.86191780821916,0.0,0.0,0.0
187,0.0,11.0,10.461860465116285,10.489240091713068,10.516619718309853,66.9388372093023,67.09906649197507,67.25929577464784,8.252062987137986e-05,0.0003548753742443,8.395660887456281e-05
188,0.0,11.0,10.124642857142865,10.142465659340662,10.160288461538462,66.47571428571426,66.92247252747251,67.36923076923077,0.0,0.0,0.0
189,0.0,11.0,10.027291666666663,10.013645833333332,9.999999999999998,67.22708333333335,67.67480603448277,68.12252873563219,0.0,0.0,0.0
190,0.0,11.0,9.742637362637364,9.761428571428574,9.780219780219785,67.7,68.2073076923077,68.71461538461537,0.0,0.0,0.0
191,0.0,11.0,9.55285714285714,9.55180900621118,9.550760869565217,67.19384615384614,67.55083612040133,67.90782608695653,0.0,0.0,0.0
192,0.0,11.0,8.919061224489798,9.013675911390193,9.108290598290584,65.68489795918369,65.8015088086517,65.9181196581197,0.0,0.0,0.0
193,0.0,11.0,9.431204819277111,9.30158067050812,9.171956521739132,68.78361445783133,69.12985070717652,69.4760869565217,0.0,0.0,0.0
194,0.0,11.0,9.69525,9.620941582914574,9.546633165829146,67.64680000000006,67.69674170854276,67.74668341708546,0.0,0.0,0.0
195,0.0,11.0,8.159473684210527,8.312284919028341,8.465096153846156,66.00778947368423,66.07793319838058,66.14807692307691,0.0,0.0,0.0
196,0.0,11.0,7.148270676691736,7.323653856864386,7.499037037037035,65.72278195488722,65.85416875522142,65.98555555555562,0.0,0.0,0.0
197,0.0,11.0,6.162248803827753,6.35362440191388,6.545000000000007,65.33909090909086,65.75440656565654,66.16972222222222,0.0,0.0,0.0
198,0.0,11.0,5.600000000000001,5.764833333333334,5.929666666666666,65.74285714285713,66.58070634920634,67.41855555555554,0.0,0.0,0.0
199,0.0,11.0,5.397777777777773,5.5020138888888885,5.606250000000004,66.20252525252522,67.047753010878,67.89298076923077,0.0,0.0,0.0
200,0.0,11.0,4.769456521739127,4.896733337011696,5.024010152284265,64.29478260869561,65.62358419774881,66.95238578680201,0.0,0.0,0.0
201,0.0,11.0,3.696802507836984,3.859290824470635,4.021779141104286,62.03354231974933,62.57243066907719,63.111319018405055,0.0,0.0,0.0
202,0.0,11.0,8.891555555555557,12.35308824709186,15.814620938628169,62.14482222222219,52.319667428800656,42.49451263537912,0.0129051511259962,0.0021657397364368,0.0041818911492852
203,0.0,11.0,9.0256,14.302548201438857,19.57949640287771,61.37656,47.18176920863309,32.98697841726619,0.0,0.0,0.0001641749319945
204,0.0,11.0,6.693759398496248,13.5509741874371,20.40818897637795,61.46097744360903,44.79666982416671,28.1323622047244,0.0,0.0,0.0
205,0.0,11.0,5.7913698630136965,13.687942996022985,21.58451612903227,60.580547945205446,42.518069671527456,24.455591397849467,0.0,0.0,0.0
206,0.0,11.0,5.16597014925373,13.551412493981696,21.936854838709664,60.11619402985077,41.46354056331247,22.810887096774174,0.0,0.0,0.0
207,0.0,11.0,4.47781954887218,13.809347730640464,23.14087591240875,59.278195488721806,39.6423459195434,20.00649635036498,0.0,0.0,0.0
208,0.0,11.0,3.7357291666666654,14.081041666666668,24.42635416666667,58.28312499999996,37.79005208333332,17.29697916666667,0.0,0.0,8.148479228182467e-05
209,0.0,11.0,3.4034146341463427,13.892365211810024,24.381315789473703,59.08211382113823,38.24829375267439,17.414473684210535,0.0,0.0,0.0
210,0.0,12.0,3.1214213197969545,13.990402967590782,24.85938461538461,58.63233502538064,37.62406494858776,16.61579487179487,0.0,0.0,0.0
211,0.0,12.0,3.2104929577464807,13.796474549048687,24.382456140350897,59.53218309859153,38.50693365455892,17.481684210526307,0.0,0.0,0.0
212,0.0,12.0,3.662929292929293,13.83921694004262,24.01550458715595,60.19000000000001,39.29417431192661,18.3983486238532,0.0,0.0,0.0
213,0.0,12.0,3.1801010101010103,14.448115021179545,25.716129032258078,57.76757575757579,36.39201368523951,15.016451612903232,0.0,0.0,0.0
214,0.0,12.0,2.531505376344089,14.356015846066786,26.18052631578948,57.41258064516127,35.79905348047537,14.185526315789472,0.0,0.0,0.0
215,0.0,12.0,2.856825396825397,13.913544277360067,24.970263157894745,59.86714285714286,38.11034774436091,16.35355263157895,0.0,0.0,0.0
216,0.0,12.0,3.6402272727272735,13.903295454545454,24.166363636363634,60.0336363636364,38.93926136363639,17.844886363636377,0.0,0.0,8.183035252827821e-05
217,0.0,12.0,5.3215625000000015,12.21748027912622,19.11339805825244,63.82078125,46.26242945995145,28.704077669902908,9.16779418413627e-05,0.0003874814875954,0.0021032271607733
218,0.0,12.0,5.523053435114502,10.975063302923106,16.42707317073171,65.78992366412211,50.47313256376839,35.15634146341466,0.0,0.0,0.0005221419876953
219,0.0,12.0,5.438418604651167,11.083238428539175,16.728058252427186,64.56320930232553,49.10995416572586,33.65669902912619,8.15017006690415e-05,8.320960725760699e-05,0.0002802584105398
220,0.0,12.0,5.263984375000003,11.01009437728102,16.756204379562035,64.91375000000001,48.618188868613146,32.32262773722629,0.0,0.0,0.0007496921059463
221,0.0,12.0,6.111783439490447,10.746545314516457,15.381307189542463,68.68751592356682,53.34460763498602,38.001699346405225,0.0,0.0,0.0001446966249814
222,0.0,12.0,6.999465240641714,10.668235158391925,14.337005076142134,69.95989304812841,56.610048046906826,43.260203045685245,0.0,0.0,0.0004106883639979
223,0.0,12.0,7.333374233128831,10.657178446044188,13.980982658959544,68.47128834355827,56.563794460796494,44.65630057803472,0.0,0.0,0.0002242173627199
224,0.0,12.0,7.608133333333326,10.594671762208067,13.581210191082814,68.0521333333333,57.10214946921444,46.15216560509558,0.0,0.0,0.0002383292067285
225,0.0,12.0,7.096857142857127,10.840985649054131,14.58511415525114,67.92757142857137,55.21200489236786,42.49643835616434,0.0,0.0,0.0003154284207176
226,0.0,12.0,6.800487804878037,11.087243902439027,15.374000000000018,68.03310104529614,54.04951603988946,40.06593103448279,8.346843754848359e-05,0.0001441617092897,0.0002905145370291
227,0.0,12.0,6.207325581395351,11.36051061678464,16.513695652173926,66.03604651162794,49.69602325581398,33.35600000000001,0.0,0.0,0.0002400506675792
228,0.0,12.0,5.330103626943001,11.11513289455258,16.900162162162157,65.08378238341965,47.966945245763874,30.850108108108103,0.0,0.0,0.0002831682224012
229,0.0,12.0,5.405205479452053,10.54251385083714,15.679822222222224,69.22899543378992,52.80887549467273,36.38875555555556,0.0,8.251274931057896e-05,0.0003931908210309
230,0.0,12.0,7.032234042553181,10.66779926426724,14.303364485981298,70.62457446808507,57.07434330880891,43.52411214953276,0.0,0.0,8.106707627356582e-05
231,0.0,12.0,7.547420814479638,10.849566888721304,14.15171296296297,69.847556561086,57.33308383609856,44.818611111111125,0.0,0.0,0.0003901192009339
232,0.0,12.0,6.630493827160493,11.000964862298192,15.37143589743589,67.43450617283955,52.49274026590696,37.55097435897437,0.0,0.0,0.0004476566699994
233,0.0,12.0,6.217029702970295,10.679752946723246,15.142476190476197,68.22643564356436,53.39488448844885,38.56333333333334,0.0,0.0,8.241036259937868e-05
234,0.0,12.0,7.044423076923073,10.533454476314647,14.022485875706224,69.94025641025644,56.923433289873984,43.906610169491536,0.0,0.0,0.0002472461235489
235,0.0,12.0,7.3853846153846145,10.72539072039072,14.065396825396828,68.71709401709404,56.359380341880325,44.001666666666615,0.0,0.0,0.0002270013569003
236,0.0,12.0,6.54230158730159,10.792222222222223,15.04214285714286,68.26817460317454,54.028690476190455,39.78920634920637,0.0,0.0,8.135879384197604e-05
237,0.0,1.0,6.180526315789476,10.578185235816818,14.97584415584416,69.11144736842108,54.48877563226249,39.86610389610389,0.0,0.0,8.218940260869323e-05
238,0.0,1.0,6.376144578313252,10.621807583274268,14.867470588235289,69.33409638554217,55.18348936924167,41.03288235294117,0.0,0.0,0.0004393160797401
239,0.0,1.0,7.20857142857143,10.47484126984127,13.74111111111111,73.34714285714287,60.564960317460326,47.78277777777778,0.0,0.0,0.000241512293937
240,0.0,1.0,7.121524663677128,11.089965871661567,15.058407079646006,70.36995515695071,55.90511032183818,41.44026548672566,0.0,0.0,0.0001666500895672
241,0.0,1.0,5.315,11.176750000000002,17.038500000000003,67.03101694915256,49.10375847457628,31.176500000000008,0.0,0.0,0.0003012318828336
242,0.0,1.0,4.110360360360359,11.74730407398549,19.38424778761062,65.14090090090089,44.89651239735311,24.65212389380532,0.0,0.0,0.0002937601265135
243,0.0,1.0,2.1575000000000006,12.604990875912414,23.052481751824825,61.30825581395348,38.844894330334405,16.38153284671533,0.0,0.0,0.0002245862747552
244,0.0,1.0,0.3115714285714287,13.373512987012976,26.43545454545452,58.40428571428575,35.084498229043696,11.764710743801649,0.0,0.0,0.0002870442408226
245,0.0,1.0,-1.405520833333333,13.42219926075269,28.249919354838717,57.451875,33.48634072580645,9.520806451612904,0.0,8.245582016267196e-05,0.0007007199144056
246,0.0,1.0,-1.0472105263157885,12.042394736842112,25.13200000000001,59.338789473684216,35.75151668806162,12.164243902439033,0.0,0.0,0.0003677218604237
247,0.0,1.0,0.2940740740740743,11.727199374699373,23.16032467532467,62.82851851851852,39.228285233285234,15.628051948051947,0.0,0.0,0.0002920381247455
248,0.0,1.0,0.9303743315508012,11.743580022918264,22.556785714285724,62.91368983957224,40.05496991978613,17.196250000000006,0.0,0.0,0.000415547754686
249,0.0,1.0,2.2469662921348306,11.095518029788344,19.94406976744186,64.91859550561804,43.57662333420437,22.2346511627907,0.0,0.0,0.0001441417065706
250,0.0,1.0,3.16,10.891049382716048,18.622098765432096,65.66013157894737,45.54796702404158,25.4358024691358,0.0,0.0,0.0001401350542915
251,0.0,1.0,3.554166666666666,11.528489583333334,19.5028125,64.68333333333334,44.32276041666667,23.9621875,0.0,0.0,0.0001736878276664
252,0.0,1.0,1.6240000000000006,11.8761304347826,22.1282608695652,61.10314285714285,39.007006211180126,16.910869565217403,0.0,0.0,0.0005421294855852
253,0.0,1.0,2.0248230088495567,10.94607059533387,19.867318181818185,62.43185840707972,41.42365647626715,20.41545454545457,0.0,0.0,0.1524769551539736
254,0.0,1.0,3.0038961038961003,11.011443665983151,19.0189912280702,64.39419913419918,44.14049868990661,23.88679824561403,0.0,0.0,0.0003002867513985
255,0.0,1.0,2.970933333333333,11.655665342163356,20.340397350993378,63.26333333333331,42.32342163355407,21.383509933774832,0.0,0.0,0.0004142022991448
256,0.0,1.0,3.0877906976744183,11.431382395469331,19.774974093264248,64.15720930232561,43.49471864080012,22.832227979274617,0.0,0.0,0.0002978148029596
257,0.0,1.0,3.1338914027149314,11.605538138332255,20.077184873949584,63.52855203619912,42.704801228183584,21.88105042016806,0.0,0.0,0.0
258,0.0,1.0,3.5040350877192994,10.989622334278812,18.475209580838325,63.44666666666665,43.98953093812374,24.53239520958084,0.0,0.0,0.0002220140532244
259,0.0,1.0,4.467590361445788,11.036382593310297,17.605174825174803,66.05694779116463,47.60920816131657,29.161468531468508,0.0,0.0,0.0
260,0.0,1.0,5.0714393939393965,10.744563234384673,16.417687074829946,70.04590909090912,51.86604978354978,33.686190476190454,0.0,0.0,0.000226777119084
261,0.0,1.0,5.538285714285721,10.94789285714285,16.35749999999998,67.81576190476191,50.7364593837535,33.65715686274509,0.0,0.0,0.0
262,0.0,1.0,5.019838709677418,10.933838952828664,16.84783919597991,66.76817204301076,48.910266926028,31.05236180904524,0.0,0.0,0.0002822072618855
263,0.0,1.0,5.300958904109591,11.05209583136514,16.803232758620688,67.4122374429223,49.94437303180598,32.47650862068966,0.0002802552542233,0.0001403674825611,0.0005451880802205
264,0.0,1.0,9.628920863309355,14.057271082542268,18.48562130177518,63.38748201438853,48.07903686518243,32.77059171597633,0.0,0.0,0.0001634452288502
265,0.0,1.0,6.602528735632183,11.175550082101807,15.748571428571433,65.39724137931034,50.15633497536945,34.91542857142856,0.0,0.0,0.0
266,0.0,1.0,5.770694444444445,10.980347222222225,16.19,64.9825,48.75883620689656,32.535172413793106,0.0,0.0,8.30032244126677e-05
267,0.0,1.0,5.7428395061728414,10.676236826257147,15.609634146341453,67.1263580246913,51.269520475760274,35.412682926829255,0.0,0.0,0.0001631288983857
268,0.0,2.0,5.7211214953271,10.853781086646602,15.986440677966105,66.44728971962618,50.457373673372416,34.46745762711864,0.0,0.0,0.0002823660996403
269,0.0,2.0,6.038454106280203,10.742958017607096,15.447461928933988,68.17420289855075,52.4828374898845,36.79147208121827,0.0,0.0,0.000266276780617
270,0.0,2.0,7.10916666666667,10.818607723577232,14.528048780487794,70.84562500000001,56.65360518292683,42.46158536585365,0.0,0.0,0.0001411667124009
271,0.0,2.0,7.129382022471924,10.846789456831818,14.564196891191711,69.32612359550568,55.7713260464575,42.216528497409335,0.0,0.0,0.0
272,0.0,2.0,7.22492647058823,10.750593316594934,14.276260162601638,70.56205882352945,57.33139526542326,44.10073170731707,0.0,0.0,0.0001452632631265
273,0.0,2.0,8.059518072289167,11.197551058936613,14.335584045584058,71.40843373493976,58.64142484467784,45.87441595441592,0.0001674483732471,0.000141830317458,0.0002415464397587
274,0.0,2.0,7.517692307692314,11.52961004273504,15.541527777777766,69.48454545454545,54.71043244949495,39.93631944444443,0.0,0.0,0.0
275,0.0,2.0,6.157058823529414,11.81202941176471,17.467000000000006,67.64156862745097,49.85195098039215,32.062333333333335,0.0,0.0,0.0
276,0.0,2.0,5.502465753424659,10.986067587456128,16.469669421487595,68.18068493150685,50.916168912034415,33.651652892561984,0.0,0.0,8.38703164889015e-05
277,0.0,2.0,5.909736842105264,10.401686602870818,14.893636363636372,73.00947368421052,56.63185805422647,40.25424242424242,0.0,0.0,8.151368014324454e-05
278,0.0,2.0,10.946874999999997,14.089335558252415,17.231796116504835,68.45500000000004,55.66475728155339,42.87451456310675,0.0,0.0,0.0002704056837421
279,0.0,2.0,9.419180327868853,10.9888557006576,12.558531073446346,70.64366120218584,62.31510743725112,53.9865536723164,0.0,0.0,0.0
280,0.0,2.0,8.340769230769226,10.85308622828784,13.365403225806457,69.87923076923074,59.40614764267988,48.933064516129015,0.0,0.0,0.0
281,0.0,2.0,7.71210526315789,10.852964396284827,13.993823529411769,68.55460526315791,56.08384674922601,43.613088235294114,0.0,0.0,0.0
282,0.0,2.0,7.591666666666662,10.677166666666666,13.76266666666667,69.35791666666667,57.41040277777778,45.4628888888889,0.0,0.0,8.339048849543768e-05
283,0.0,2.0,9.538906249999997,11.262548363095238,12.986190476190478,74.21937499999999,66.14183035714285,58.06428571428571,0.000585860432107,0.0011295636632773,0.0012374765194616
284,0.0,2.0,9.583571428571435,10.97753337783712,12.371495327102808,73.94142857142856,67.04169559412549,60.141962616822426,0.0001652362021645,0.000327300544064,0.0004226414846402
285,0.0,2.0,9.38953125,10.961890625,12.534249999999998,74.47820312500004,66.98260156250004,59.48700000000003,0.0,0.0,0.0
286,0.0,3.0,9.391612903225807,11.061302905513616,12.73099290780143,73.32758064516129,65.83584706016929,58.34411347517728,0.0,0.0,0.0
287,0.0,3.0,9.016093750000003,10.976062748015876,12.93603174603175,73.06796874999999,64.5437462797619,56.01952380952381,0.0,0.0,0.0
288,0.0,3.0,9.204626865671642,10.99488919041158,12.785151515151515,72.37313432835819,63.921567164179095,55.47,0.0,0.0,0.0
289,0.0,4.0,8.88,11.045000000000002,13.21,72.12,62.925,53.73,0.0,0.0,0.0
290,0.0,4.0,13.923571428571424,14.08499084249084,14.246410256410256,70.28071428571431,68.27048534798536,66.26025641025642,0.000165199830868,0.0003276096923669,0.0005497568683337
291,0.0,4.0,14.024482758620683,13.981862591431554,13.939242424242424,70.99534482758621,69.89274817136885,68.79015151515149,0.0,0.0,0.0
292,0.0,4.0,14.229999999999992,14.282352941176477,14.334705882352958,71.32517730496457,70.05177982895286,68.77838235294115,0.0,0.0,0.0
293,0.0,4.0,13.709545454545456,13.887681224004757,14.065816993464054,69.43948863636366,67.44098614824719,65.44248366013073,0.0,0.0,0.0
294,0.0,4.0,12.08580086580088,12.350862617774393,12.615924369747905,69.4716883116883,67.60311306340718,65.73453781512606,0.0,0.0,0.0
295,0.0,4.0,11.52,11.78,12.04,69.77,67.96000000000001,66.15,0.0020529220791533,0.0,0.0432882911930663
296,0.0,4.0,9.767377049180322,10.023506706408345,10.279636363636364,67.46491803278688,65.49082265275707,63.51672727272727,0.0,0.0,0.0
297,0.0,4.0,9.105340909090906,9.275825216450215,9.446309523809528,66.66750000000002,64.96291666666667,63.25833333333334,0.0007731166958794,0.0003845298775801,0.0002007357929579
298,0.0,4.0,9.095748031496065,9.171410601113893,9.247073170731715,67.12582677165359,66.19502720696502,65.26422764227644,0.0,0.0,0.0
299,0.0,4.0,9.10145299145299,9.15410368870895,9.20675438596491,68.8725641025641,67.68698380566804,66.50140350877197,0.0,0.0,0.0
300,0.0,4.0,8.149375000000001,8.309754166666668,8.470133333333337,67.32312500000003,65.55309583333334,63.78306666666666,0.0,0.0,0.0
301,0.0,4.0,7.660487804878048,7.783982641177763,7.90747747747748,65.58016260162604,63.77737859811032,61.97459459459459,0.0,0.0,0.0
302,0.0,4.0,8.336363636363632,8.437239409804855,8.538115183246077,65.58604278074868,64.38875437466754,63.191465968586414,0.0,0.0,0.0
303,0.0,4.0,8.279662921348317,8.335275905118607,8.390888888888895,68.02056179775282,66.94428089887639,65.86799999999995,0.0,0.0,0.0
304,0.0,4.0,9.002962962962961,9.025016835016832,9.047070707070704,67.01546296296294,65.84202441077439,64.66858585858583,0.0,0.0,0.0
305,0.0,4.0,9.882941176470586,9.666875993640692,9.4508108108108,66.81623529411769,66.2959554848967,65.77567567567571,0.0,8.258464847828844e-05,0.0
306,0.0,4.0,11.107761194029854,10.840641160395208,10.573521126760562,67.424776119403,67.54562749632123,67.66647887323944,0.0,0.0,0.0
307,0.0,4.0,15.81581632653061,15.581276584317944,15.346736842105278,66.40183673469384,66.87907626208377,67.35631578947371,0.0071499698086852,0.0095179883748599,0.0063161771641521
308,1.0,4.0,21.70500000000003,23.20307539682541,24.70115079365079,52.00578431372546,50.2578723155929,48.50996031746034,0.0630990982900696,0.1420017657515605,0.0995129298256272
309,1.0,5.0,22.614387096774205,23.88507661290324,25.15576612903228,43.67967741935484,45.58227822580648,47.48487903225813,0.0341866501841787,0.0856592647294531,0.0774532072968777
310,1.0,5.0,22.88220338983051,24.61797669491525,26.35374999999999,37.325254237288114,35.96146640435835,34.59767857142858,0.0143578420001991,0.0489668249176264,0.0282453482393303
311,0.0,5.0,14.774666666666668,15.183583333333337,15.5925,51.76333333333334,50.4025,49.04166666666666,0.0,0.0,0.0
312,0.0,5.0,15.242714285714287,15.470884169884169,15.69905405405405,53.87257142857144,52.78561003861004,51.69864864864864,0.0,0.0,0.0
313,0.0,5.0,14.897300000000005,15.183536363636367,15.469772727272732,48.79220000000004,47.64303181818184,46.49386363636364,0.0,0.0,0.0
314,0.0,5.0,14.401604938271609,14.613373897707232,14.825142857142858,48.59851851851852,47.78733068783069,46.97614285714286,0.000363510178276,0.0,0.0
315,0.0,5.0,13.95,14.09,14.23,47.96,47.96,47.96,0.0,0.0,0.0
316,0.0,5.0,15.441346153846156,15.39480769230769,15.348269230769226,49.57,49.27874999999999,48.98749999999998,0.0,0.0,0.0
317,0.0,5.0,16.28834586466166,16.10281954887218,15.917293233082695,48.92127819548875,49.15496240601506,49.38864661654137,0.0,0.0,0.0
318,0.0,5.0,16.86458823529412,16.69420133414191,16.523814432989692,49.62411764705882,49.92247119466343,50.22082474226804,0.0,0.0,0.0
319,0.0,5.0,17.53835164835164,17.357802197802197,17.177252747252755,52.99494505494504,53.35516483516483,53.71538461538463,0.0,0.0,0.0
320,0.0,5.0,18.15357894736841,17.934914473684202,17.71625,54.36915789473683,54.88651644736843,55.40387500000003,0.0,0.0,0.0
321,0.0,5.0,18.97448275862068,18.714776590577948,18.45507042253521,56.01850574712643,56.71185850736604,57.40521126760565,0.0,0.0,0.0
322,0.0,5.0,19.902844036697253,19.64775229357798,19.392660550458707,56.04926605504586,56.76977064220182,57.490275229357785,0.0010076184839164,0.0009688694057286,0.0005855510057927
323,0.0,5.0,20.613928571428563,20.39046855921855,20.16700854700854,57.43160714285711,58.13123092185592,58.83085470085472,0.0,0.0,0.0
324,0.0,5.0,20.050842105263147,19.91617105263157,19.7815,59.342526315789485,59.46066315789474,59.5788,0.0,0.0,0.0
325,0.0,5.0,20.875263157894757,21.62200657894737,22.368749999999995,55.67406015037594,53.96669674185463,52.25933333333334,0.0047855599233217,0.0039561539913156,0.0038421540726542
326,1.0,5.0,23.15448529411764,24.151430958747127,25.148376623376617,57.71058823529406,59.08932009167299,60.46805194805192,0.0268988702775311,0.067527752269896,0.0640549948911949
327,0.0,5.0,21.728749999999994,22.37515481651376,23.02155963302752,60.46385416666666,58.05123900993882,55.63862385321098,0.0041857261701939,0.0062604475277331,0.0081194509780043
328,0.0,5.0,20.95395348837209,21.627231846226856,22.300510204081625,59.7052325581395,53.38975913621262,47.07428571428573,0.0003751982959067,0.0005472057485714,0.0002981995984731
329,0.0,5.0,20.809340659340645,21.38769502102836,21.96604938271607,56.26901098901099,54.46512277845612,52.66123456790126,0.0,0.0,0.0
330,0.0,5.0,21.20809859154929,21.64673141497994,22.085364238410587,57.75338028169013,56.38880934614305,55.02423841059596,0.0035436093046665,0.023168563042948,0.0355798772480127
331,1.0,5.0,22.576634615384627,23.26225566385669,23.94787671232876,60.34115384615383,61.668864594309824,62.99657534246582,0.0248110324162429,0.0556685295604859,0.0856668300453879
332,1.0,5.0,23.448217821782183,23.895633301134986,24.34304878048779,59.8260396039604,62.375153948321696,64.924268292683,0.0182267939477319,0.0497798483246359,0.0714006437795954
333,1.0,6.0,23.854038461538487,24.84252674956624,25.83101503759399,69.09999999999998,67.98951127819548,66.87902255639098,0.0250039082051793,0.0601000398671043,0.0765229431382049
334,0.0,6.0,21.91178947368421,22.88252172096909,23.853253968253977,66.26094736842106,63.28733876357561,60.313730158730166,0.0042660643641544,0.0049436568938558,0.0074454556029879
335,0.0,6.0,20.499587628865985,21.088782578477936,21.677977528089887,68.0485567010309,66.29281767635817,64.53707865168542,0.0,0.0,0.0
336,0.0,6.0,19.838472222222222,20.371494175627245,20.904516129032267,66.36194444444442,64.3751657706093,62.388387096774174,0.0001425889510339,0.0,0.0
337,0.0,6.0,19.79530434782609,20.232404649160568,20.66950495049505,64.9580869565217,63.50963753766678,62.06118811881186,0.0007421246579249,0.0006764877614118,0.0008849516825234
338,0.0,6.0,20.16142857142856,20.43259398496241,20.703759398496253,64.4575892857143,63.324659304511286,62.19172932330827,0.0,0.0,0.0
339,0.0,6.0,19.77778947368422,19.996832881172,20.21587628865978,63.57231578947368,62.62074552360281,61.669175257731936,0.0,0.0,0.0
340,0.0,6.0,19.652045454545465,19.796946640316207,19.941847826086946,62.85897727272729,62.10579298418973,61.35260869565217,0.0,0.0,0.0
341,0.0,6.0,19.91416666666666,20.06628333333333,20.218400000000003,63.11791666666662,62.25125833333328,61.38459999999995,0.0001645940187168,8.128606491538431e-05,0.0
342,0.0,6.0,19.30466101694916,19.44101982886293,19.577378640776715,64.52949152542371,63.63736712193516,62.745242718446605,0.0,0.0,0.0
343,0.0,6.0,19.01145569620253,19.145863902523026,19.28027210884352,62.49734177215191,61.62873891328681,60.760136054421714,0.0,0.0,0.0
344,0.0,6.0,17.662000000000003,17.87847191011236,18.09494382022472,61.24746666666666,60.24766591760299,59.24786516853932,0.0,0.0,0.0
345,0.0,6.0,16.459375,16.657368659420296,16.85536231884059,61.76062499999996,60.84060235507244,59.92057971014492,0.0,0.0,0.0
346,1.0,6.0,19.627735849056595,21.580305977625645,23.532876106194696,63.13358490566039,56.21606236433461,49.29853982300882,0.0745664916024239,0.0435104482501981,0.0341995040196304
347,1.0,6.0,21.92037037037037,22.27140469738032,22.622439024390264,58.78990740740738,60.64564476061425,62.50138211382112,0.0437359279805219,0.0631474739756489,0.0446773226882617
348,0.0,6.0,22.431307692307705,22.69793956043956,22.964571428571418,63.39384615384615,62.78667307692309,62.17950000000003,0.0215639433793481,0.0201630211048461,0.039449538255384
349,0.0,6.0,21.49063829787233,22.01886081560283,22.547083333333333,65.8948936170213,64.24822805851065,62.6015625,0.0,0.0,0.0
350,0.0,6.0,22.07858823529413,22.54291290217745,23.00723756906076,65.0997647058823,64.1335563860903,63.16734806629831,0.0,0.0,0.0
351,0.0,6.0,22.54731707317073,22.908658536585367,23.270000000000003,65.27344947735193,64.0470701334128,62.82069078947368,0.000167024058187,0.0004311440754501,0.0003645433460716
352,0.0,6.0,20.97705426356588,21.389372202205468,21.801690140845057,63.31232558139536,61.07859236816248,58.8448591549296,0.0,0.0,0.0
353,0.0,6.0,21.5370567375887,21.832913226838507,22.128769716088318,66.38180851063828,65.29418501241688,64.20656151419549,0.0057681886081073,0.010204090692781,0.0141165970878581
354,1.0,6.0,24.27494382022472,24.516135276448992,24.75732673267327,70.61606741573033,71.62055846034039,72.62504950495047,0.0192009764682343,0.0807114296311872,0.0676111815876455
355,1.0,6.0,24.29422535211268,24.72950398040416,25.16478260869565,66.6938028169014,66.63233619105938,66.57086956521735,0.0249258626577381,0.0951672952980306,0.1140726606558829
356,1.0,6.0,24.36723404255317,24.8565016366612,25.34576923076922,68.40042553191492,68.33857815057283,68.27673076923075,0.0168220360958702,0.0424993987146937,0.0858787025663889
357,1.0,6.0,25.25660000000001,25.639194308943097,26.021788617886184,64.93219999999998,64.98366097560977,65.03512195121955,0.0228247238364241,0.0690265995580476,0.0891704936671055
358,1.0,6.0,26.559097744360898,26.90985894969984,27.260620155038787,62.13616541353384,63.62963309436384,65.12310077519383,0.0152189103202119,0.0871281705579593,0.0819545576734787
359,1.0,6.0,27.466533333333334,27.75677133956387,28.0470093457944,63.3056,64.03401495327103,64.76242990654205,0.0097773079247426,0.0619820933724355,0.0780616769906414
360,1.0,6.0,27.963,28.215953551912577,28.468907103825156,65.73047368421055,67.22829695139492,68.7261202185793,0.0451438523147485,0.0603977546253322,0.058546642524297
361,1.0,6.0,27.377295597484277,27.632052706717605,27.886809815950937,61.28163522012576,62.05719797816103,62.83276073619629,0.0190694480942752,0.0744961333372356,0.0784402235545292
362,1.0,6.0,28.706536312849167,28.916644445084373,29.126752577319586,63.32234636871506,63.86220411219252,64.40206185566998,0.0035636132011566,0.116512556646247,0.082725712707185
363,1.0,7.0,24.210844155844143,25.08352665308546,25.95620915032677,61.869610389610365,62.32098166539342,62.77235294117647,0.0374882056439105,0.1269603953453834,0.087573366945478
364,1.0,7.0,21.707325581395345,22.847478580171355,23.987631578947365,59.41162790697678,56.41752447980417,53.42342105263157,0.0399387925666792,0.0964964342302658,0.0727343646789008
365,1.0,7.0,22.083131313131283,23.23988682444885,24.396642335766412,63.47777777777782,64.17443633414436,64.8710948905109,0.0408049229982434,0.0961275649335692,0.0814088002168697
366,1.0,7.0,22.13054421768709,23.360018944286573,24.589493670886057,58.70278911564628,57.80718569706363,56.911582278480985,0.027815501676291,0.1102470329898424,0.0754854582344777
367,1.0,7.0,22.819307692307703,23.918301644895983,25.017295597484264,51.92738461538463,53.78111369134011,55.6348427672956,0.0416771802462976,0.062837866611788,0.0828954713746619
368,0.0,7.0,24.80018072289155,25.91673632417871,27.03329192546587,55.99698795180722,53.104549876524736,50.21211180124225,0.0010698119097814,0.002774061366048,0.0065822339150302
369,0.0,7.0,23.94330578512397,24.7286767020858,25.51404761904762,63.44851239669422,60.981121277712205,58.51373015873019,0.0060512417752283,0.0030268169258202,0.0105597831370281
370,0.0,7.0,23.76683673469388,24.394056665219274,25.021276595744663,62.07632653061221,61.99731220147632,61.918297872340425,0.0017579606976852,0.0031341983705952,0.0047531113810538
371,0.0,7.0,24.49026315789473,24.95145102339181,25.412638888888896,60.84776315789474,59.39152046783626,57.93527777777777,0.0,0.0,0.0
372,0.0,7.0,25.81844444444445,26.081297693920337,26.344150943396222,61.39866666666664,60.7315974842767,60.06452830188676,0.0,0.0,0.0
373,0.0,7.0,22.38157894736841,22.96283492822966,23.54409090909091,58.17157894736842,58.54488038277512,58.91818181818181,0.0678095426497542,0.0035217174659074,0.2449792118974964
374,0.0,7.0,21.84402597402598,21.93961298701298,22.035199999999985,58.15584415584416,58.40865541125541,58.66146666666666,0.0,0.0,0.0
375,0.0,7.0,22.559391304347837,22.5145881252922,22.469784946236565,56.08017391304348,56.3817536231884,56.68333333333332,0.0141237646035692,0.0156792144189669,0.0168928182555417
376,1.0,8.0,24.424732142857174,24.863920125482643,25.30310810810811,52.55544642857142,53.6069461872587,54.65844594594597,0.0257234310781941,0.0653374956548045,0.0750411800293581
377,1.0,8.0,24.113250000000008,24.782487068965523,25.45172413793104,57.00716666666666,59.769066091954016,62.53096551724138,0.0274655678072584,0.0368074783063298,0.0920598572064551
378,1.0,8.0,23.03350000000001,23.70958185840709,24.38566371681417,59.89412499999995,61.67091205752212,63.44769911504428,0.0384254381876651,0.0375449498054126,0.0939415129545186
379,1.0,8.0,23.99787234042553,24.768215831229707,25.538559322033883,62.91691489361705,63.81938965019835,64.72186440677966,0.0338709609649755,0.0464664671318533,0.0878680387210946
380,1.0,8.0,22.884615384615383,25.531272450016942,28.177929515418494,66.40509615384616,60.290984200271104,54.17687224669605,0.0406251271954263,0.0362171101638312,0.1012445961775392
381,1.0,8.0,23.748000000000005,26.70198342541436,29.65596685082871,65.93,58.81361878453039,51.69723756906077,0.0356720362817789,0.0490627526614122,0.065098496228135
382,1.0,8.0,24.400510204081627,25.18130605745482,25.96210191082801,65.05091836734692,66.36103243208112,67.67114649681531,0.0364977194145649,0.0610637112680965,0.0764892360353322
383,0.0,8.0,23.108500000000006,23.82389285714286,24.53928571428571,69.3288888888889,71.57623015873017,73.82357142857143,0.0001648104502249,0.0001535828365314,0.0001656399308948
384,0.0,9.0,24.217647058823523,24.63882352941176,25.06,51.94999999999999,49.68066666666665,47.41133333333332,0.1674949333249797,0.003350917657167,0.2568383746847658
385,0.0,9.0,24.13633333333332,24.54298809523809,24.949642857142862,52.11466666666668,51.82099404761905,51.52732142857143,0.0,0.0,0.0
386,0.0,9.0,23.527916666666663,24.04553442028986,24.563152173913064,51.54152777777781,51.735492149758464,51.92945652173912,0.0,0.0,0.0
387,0.0,9.0,23.15557377049179,23.61117230191257,24.06677083333336,49.07778688524589,48.5154038592896,47.953020833333305,0.0,0.0,0.0
388,0.0,9.0,22.78897959183673,23.11377551020408,23.438571428571425,52.162857142857135,52.4563775510204,52.74989795918367,0.0,0.0,0.0
389,0.0,9.0,21.28097222222222,21.699236111111105,22.117499999999986,57.0475,56.27325,55.499,0.0,0.0001485449606544,8.335845910192733e-05
390,0.0,9.0,20.24193548387097,20.717519466073423,21.19310344827588,57.33612903225804,56.560593251761205,55.78505747126437,0.0,0.0,0.0002273593043498
391,1.0,9.0,20.753380281690145,21.70029014084508,22.647200000000005,62.566901408450704,65.12295070422539,67.67900000000007,0.0095091570459131,0.0236852659836507,0.0320522309422753
392,0.0,9.0,20.800943396226412,21.517228454869965,22.233513513513515,67.22339622641509,67.02669811320757,66.83000000000004,0.002903694474291,0.0041713067574629,0.0081523012678749
393,0.0,9.0,20.52700000000002,21.46382163742691,22.40064327485381,65.08575000000005,65.46515570175437,65.84456140350869,0.0,0.0,0.0
394,0.0,9.0,20.36443609022555,21.37218639954316,22.37993670886077,64.5875187969925,62.93391762634436,61.28031645569622,0.0055877770371995,0.0075127711001589,0.0056328978776128
395,1.0,9.0,21.561746031746043,22.232396004378767,22.90304597701149,63.56452380952378,63.72990558292279,63.8952873563218,0.0130261705343319,0.0313428372410377,0.0222876055080521
396,1.0,9.0,21.71557894736842,22.481696758452426,23.247814569536423,59.551368421052665,62.35326699198329,65.15516556291391,0.0135792441097846,0.0241345820222891,0.0254247294003022
397,1.0,9.0,21.793020833333347,22.509701906028383,23.226382978723425,55.82958333333331,59.29500443262414,62.760425531914976,0.0176244204095624,0.0203748419084623,0.0232228911590087
398,1.0,9.0,20.703928571428584,21.557002164502173,22.410075757575765,51.279523809523816,53.89771645021645,56.51590909090909,0.0135250013642729,0.0291293435232995,0.023670828284311
399,1.0,9.0,21.867364864864875,23.390426618478934,24.913488372093,50.78385135135135,50.89780939660592,51.0117674418605,0.0095154209851788,0.0042650302317467,0.0115886262023982
400,1.0,9.0,23.464193548387087,23.695185009487663,23.92617647058824,54.82653225806455,59.491413187855805,64.15629411764706,0.0293545914524055,0.0327372333530569,0.0401070242994149
401,0.0,9.0,20.644215686274517,21.687376660341563,22.73053763440861,54.09480392156864,51.93401486401012,49.7732258064516,0.0046033627149156,0.003731878987199,0.006277102852621
402,0.0,9.0,19.14863636363636,19.636872529644258,20.12510869565216,56.97272727272733,55.52924407114626,54.08576086956519,0.001214381594563,0.0023087673945031,0.0029120485296687
403,0.0,9.0,19.787545454545448,19.98215656565656,20.176767676767675,57.14345454545458,56.92793939393942,56.712424242424255,0.0,0.0,0.0
404,0.0,9.0,18.70716535433072,19.2923519079346,19.87753846153848,62.959133858267776,60.982990006056966,59.00684615384615,0.0,0.0,0.0
405,0.0,9.0,19.0306878306878,19.305395728815405,19.58010362694301,69.75269841269836,68.66458754831808,67.57647668393781,0.0002420584286586,0.0001548877202905,0.0004785851057046
406,1.0,9.0,21.36602040816329,22.216555658627097,23.067090909090904,65.50928571428572,66.14897012987015,66.78865454545456,0.0450883460382898,0.0307970494345852,0.0613952297188286
407,1.0,9.0,21.011100000000003,22.83980595238096,24.668511904761907,61.65140000000001,58.26724761904764,54.88309523809527,0.0586200690355323,0.0243085711621567,0.065200492163275
408,0.0,9.0,16.59411764705883,17.84048739495799,19.086857142857152,51.00509803921571,46.94121568627452,42.877333333333326,0.0,0.0,0.0
409,0.0,9.0,14.055925925925925,15.273340321453524,16.490754716981122,51.51027777777774,47.76565775681341,44.02103773584907,0.0,0.0,0.0002055130366373
410,0.0,10.0,13.177272727272744,13.87257253384914,14.567872340425536,54.51242424242423,52.07472275950998,49.637021276595725,0.0,0.0,0.0
411,0.0,10.0,13.6429411764706,14.1030330882353,14.563125,67.07258823529412,65.77941911764705,64.48625,0.0,8.140847576496742e-05,8.137160591173554e-05
412,0.0,10.0,15.834050632911405,17.071235842771486,18.30842105263157,60.06316455696202,57.8855881264342,55.70801169590639,0.0002474999477718,0.000404599437536,0.000373960627031
413,1.0,10.0,22.487098765432098,22.538426683329558,22.58975460122701,54.33172839506174,56.84920775581308,59.36668711656442,0.0292287116633832,0.0543578848067786,0.0500667473605763
414,0.0,10.0,17.475963302752277,18.295981651376135,19.116,59.25174311926608,56.770371559633055,54.28900000000004,0.0003139861083783,0.0012590412399073,0.000597487388633
415,0.0,10.0,15.553999999999997,16.055983050847455,16.557966101694912,61.83833333333334,60.61103107344633,59.38372881355932,0.0020696204697643,0.0020229716696307,0.0057902533859138
416,0.0,10.0,14.553571428571438,14.87695238095238,15.200333333333322,62.08388888888885,61.06827777777775,60.052666666666646,0.0090181233125529,0.0002076796403255,0.0
417,0.0,10.0,15.099196428571409,15.291959325396803,15.484722222222196,62.73455357142858,62.18148974867725,61.62842592592591,0.0,0.0,0.0
418,0.0,10.0,15.791610169491532,15.90601875995944,16.02042735042735,63.77381355932206,63.38126575402003,62.988717948718,0.0,0.0,0.0
419,0.0,10.0,16.828415300546457,17.38615050741609,17.94388571428572,64.01950819672132,62.2870112412178,60.55451428571428,8.117625318081797e-05,0.0001407762607476,0.0005637218919509
420,1.0,10.0,19.980194552529166,21.80072017188748,23.621245791245787,55.813346303501966,51.02970345478131,46.24606060606065,0.0203900267503001,0.0465254843970839,0.0385793785929805
421,1.0,10.0,25.626966966966958,24.109145021945004,22.591323076923054,43.84438438438439,52.08937680757679,60.33436923076919,0.0332133542376331,0.0854210766768114,0.0687738485933436
