,people_count,largeroom_temp,smallroom_temp,bathroom_temp,largeroom_hum,smallroom_hum,bathroom_hum,largeroom_presence,smallroom_presence,bathroom_presence
0,4.0,24.13625954198476,26.465049413849513,28.793839285714267,30.697290076335886,27.02145753816793,23.345624999999973,0.05413934874219579,0.07593290753697868,0.0754331039477905
1,4.0,23.410125000000015,24.413761686991883,25.41739837398375,36.741249999999994,41.03115345528455,45.321056910569105,0.0587622259823509,0.06892887996482462,0.11078211180266109
2,4.0,22.7351595744681,23.903818525972788,25.072477477477477,43.889095744680866,41.893354178646746,39.89761261261263,0.037493993458376125,0.049832127448451176,0.0943054704900908
3,4.0,22.375888324873106,24.692477495769893,27.00906666666668,31.248984771573596,30.536603496897914,29.824222222222232,0.04240370608126666,0.0651896103306638,0.08411951905628838
4,4.0,21.643841059602664,22.538856945986318,23.433872832369975,33.327152317880795,37.0385761589404,40.75000000000001,0.059962272778928453,0.05199285949192936,0.0706694965599904
5,0.0,16.349663865546223,18.07663017838714,19.803596491228063,39.95865546218485,38.291432994250314,36.624210526315785,0.004021937843172547,0.003810547586725141,0.006230642448031089
6,0.0,13.22461538461539,14.565720390720394,15.906825396825395,43.51638461538458,41.55295421245421,39.58952380952384,0.0,0.0,0.0
7,0.0,11.572477876106202,12.596778153739372,13.621078431372542,43.835132743362834,42.22237029325005,40.60960784313727,0.0004551253468108054,0.0004407220915940196,0.00014432314832575917
8,0.0,11.5062,11.918390697674422,12.330581395348844,45.37820000000001,52.6270069767442,59.87581395348839,0.0009984265209417162,0.0005371149204819537,0.0035477929901556373
9,0.0,12.23756756756757,12.365054970224458,12.492542372881346,46.87063063063066,57.23535768819669,67.60008474576273,0.0,0.0,0.0
10,0.0,13.097789473684212,13.15740664160401,13.217023809523809,44.14526315789472,45.14965538847116,46.15404761904761,0.0,8.125588748407282e-05,0.0
11,0.0,13.99525547445255,13.965342969014344,13.935430463576138,44.585547445255486,45.121018755740344,45.6564900662252,0.0,0.0,0.0
12,0.0,15.712592592592605,16.53639433551199,17.360196078431375,41.872888888888895,40.963764705882355,40.05464052287581,0.0036407029616400553,0.001475091113763673,0.004051961144755909
13,4.0,22.39748743718592,24.298572485716257,26.19965753424659,41.90402010050253,41.994869639292354,42.08571917808218,0.03681050422241157,0.060174424111995764,0.07535668340071938
14,0.0,19.346526946107787,20.06255795158151,20.778588957055238,45.374071856287465,43.965900958818565,42.55773006134967,0.004105562809142799,0.005528846452592477,0.008087566152649347
15,0.0,17.045963855421682,17.358071213425127,17.67017857142857,52.09981927710842,52.100237019506594,52.10065476190477,0.0003075994120303008,0.00022060798388638992,0.0001487362766392884
16,0.0,16.730406504065044,16.91473813575346,17.099069767441872,52.349430894308924,52.52878521459634,52.70813953488376,0.0,0.0,0.0
17,0.0,15.364330708661415,15.550878589624823,15.737426470588233,53.133937007873996,53.38707879805464,53.64022058823528,0.0,0.0,0.0
18,0.0,14.191249999999998,14.860982142857143,15.530714285714287,53.10812499999999,52.1814732142857,51.25482142857142,0.0,8.331784714144143e-05,0.0002970511013169872
19,4.0,20.51850931677019,22.37055674171844,24.222604166666688,56.70173913043476,54.29177234299517,51.881805555555594,0.05309583094412635,0.0761032417468905,0.08459703999123472
20,4.0,22.180860215053755,23.057683628653628,23.9345070422535,57.77129032258065,58.79730009086778,59.823309859154904,0.04617559006525318,0.0751113228051024,0.07959111496839603
21,0.0,20.60240963855422,21.356796217126575,22.11118279569893,51.73975903614456,50.75568596968518,49.7716129032258,0.0032105558276977926,0.004574669497132131,0.006904408914630832
22,0.0,19.392400000000006,19.93243655913978,20.47247311827956,52.958499999999965,51.41451881720427,49.870537634408564,0.0,0.0,0.0
23,0.0,19.575609756097556,19.916554878048778,20.257500000000004,52.393902439024394,51.1508574695122,49.9078125,0.0,0.0,0.0
24,0.0,,,,,,,,,
25,0.0,18.42283018867924,18.926660995978967,19.430491803278695,56.927735849056624,55.83935972780701,54.750983606557384,0.0,0.0,0.0
26,0.0,18.35160377358492,18.779230458221033,19.206857142857146,54.45009433962262,53.115047169811305,51.77999999999999,0.0,0.0,0.0
27,0.0,16.90599999999999,17.342360465116265,17.77872093023254,50.63136842105262,49.554695838433275,48.47802325581394,0.0,0.0,0.0
28,0.0,16.47790123456788,16.72238811728394,16.966874999999998,51.55234567901234,50.742672839506156,49.93299999999998,0.0,0.0,0.0
29,0.0,17.06450980392157,17.127137254901967,17.18976470588236,52.85029411764706,52.3455,51.84070588235295,0.0,0.0,0.0
30,0.0,17.568316831683166,17.620663792185667,17.673010752688164,51.245742574257434,50.97964548067709,50.71354838709675,0.0,0.0,0.0
31,0.0,17.22897435897436,17.273409593280284,17.317844827586207,49.59692307692312,49.44294429708223,49.28896551724134,0.0,0.0,0.0
32,0.0,18.444779411764696,20.789574171901755,23.134368932038814,52.12367647058821,47.37302755568248,42.622378640776745,0.0060804597790391655,0.0014505783760922891,0.0077181320286718955
33,4.0,20.5320325203252,23.347703957323468,26.163375394321736,48.66065040650409,43.66275422533407,38.664858044164056,0.036762097839819735,0.05344323858502235,0.09852719870262498
34,0.0,17.200769230769236,18.40184803001877,19.602926829268302,46.28935897435894,41.8085209505941,37.32768292682926,0.00016216322540489326,0.0001397092488633921,8.223312470517111e-05
35,0.0,16.81560000000001,17.45016559139785,18.084731182795693,45.70400000000002,42.66334408602151,39.62268817204299,0.0,0.0,0.0
36,0.0,17.742471910112357,18.05309642017246,18.363720930232557,45.49573033707862,43.92059772667885,42.34546511627907,0.001118421020348559,0.0013037528949055425,0.0009075700216436393
37,0.0,19.073258426966273,19.23034208477027,19.387425742574266,51.21494382022472,50.669897652686615,50.12485148514852,0.0,8.338933608685809e-05,0.0
38,0.0,19.643870967741954,19.658253313328338,19.67263565891472,60.516935483871,63.53296386596652,66.54899224806205,0.012052984788898154,0.0013053226877017834,0.0021745090859742917
39,4.0,21.92032967032967,22.57953983516484,23.23875000000001,60.59032967032965,61.359271978021965,62.12821428571427,0.02286928513553387,0.061206013609371245,0.09187043219504451
40,4.0,22.61939393939394,23.840162808206294,25.060931677018647,64.25666666666667,66.22802277432709,68.1993788819875,0.015136869830022708,0.04724160463403702,0.330582498638898
41,0.0,22.043203883495135,23.32616715913887,24.609130434782603,58.30300970873787,55.844439636977626,53.385869565217384,0.003467190347284819,0.004724186335601382,0.003951256697570848
42,0.0,20.431162790697673,21.56316566501176,22.69516853932585,54.28139534883717,51.362383067677015,48.44337078651685,0.0,0.0,0.0
43,0.0,19.144622641509436,20.09599818944158,21.04737373737373,52.45971698113207,49.627686773394295,46.79565656565652,0.0,0.0,0.0
44,0.0,18.2191509433962,18.661410914736074,19.103670886075943,55.177169811320745,53.77972414616671,52.38227848101267,0.0018085277042428124,0.002088723786054742,0.005207904709498256
45,4.0,23.792824427480895,25.136164122137394,26.479503816793898,56.22633587786261,54.071603053435126,51.91687022900764,0.04902177303359915,0.04296128774850697,0.09243595294427681
46,4.0,24.432718446601935,26.97420013239187,29.515681818181804,56.92796116504856,51.551281718887914,46.17460227272727,0.022455532411662628,0.02794930855362347,0.06861670672634738
47,4.0,24.54956989247311,26.580350983972394,28.611132075471676,60.099032258064526,55.54740921079327,50.99578616352201,0.026395321714331756,0.05760016385935151,0.06742340754835259
48,4.0,24.810989010988997,26.012301734410165,27.213614457831337,65.38868131868132,62.774039454521386,60.15939759036145,0.02645698564008737,0.02318518443560028,0.07129665552823583
49,4.0,24.685398230088484,25.94582032716545,27.20624242424241,63.98672566371685,62.35775677125236,60.72878787878788,0.026358334595679867,0.03113006216885378,0.06246049082082389
50,4.0,25.209782608695658,25.912372507355343,26.614962406015028,57.63793478260869,60.70862904543969,63.77932330827069,0.026518376572119258,0.03917426246870289,0.05718280284842874
51,4.0,26.325578947368413,26.717625539257973,27.10967213114753,56.08736842105265,58.48003666954273,60.8727049180328,0.01647133592837878,0.033482764868540855,0.06420092255143882
52,4.0,26.696699029126194,27.08110951456311,27.46552000000003,64.00621359223301,64.94058679611652,65.87496000000003,0.016440755179264376,0.051201988588111265,0.049356552062964215
53,0.0,24.010829493087567,24.64634395008361,25.281858407079657,60.461520737327234,59.45385771379634,58.446194690265436,0.002337821205536916,0.0048474672913697255,0.007487114306687359
54,0.0,23.254580645161266,23.830024135530273,24.40546762589928,62.425419354838745,61.25900464144814,60.09258992805755,8.192814320341282e-05,0.0006192490156449631,0.0002255148628091639
55,0.0,21.846785714285698,22.60966945288753,23.372553191489363,60.3471428571429,58.693677811550174,57.04021276595744,0.0,0.0,0.0
56,0.0,22.19976190476191,22.19976190476191,22.19976190476191,59.088095238095235,59.088095238095235,59.088095238095235,0.0012521157778471903,8.284671905566728e-05,8.181497542843376e-05
57,0.0,,,,,,,,,
58,0.0,,,,,,,,,
59,0.0,,,,,,,,,
60,0.0,,,,,,,,,
61,0.0,21.38333333333333,21.971666666666664,22.56,62.252083333333324,58.87104166666666,55.49,0.0,0.0,0.0
62,0.0,21.6285,21.6285,21.6285,62.497500000000045,62.497500000000045,62.497500000000045,0.007755476194483687,0.015145026723087847,0.011459844483347829
63,4.0,21.76785714285714,21.76785714285714,21.76785714285714,58.13746753246755,58.13746753246755,58.13746753246755,0.03631254440694361,0.05043891767482319,0.058501643493729216
64,4.0,22.486503496503513,22.486503496503513,22.486503496503513,51.603916083916104,51.603916083916104,51.603916083916104,0.02052363490388149,0.04829888685715251,0.05672659062514837
65,4.0,23.97138888888888,23.97138888888888,23.97138888888888,48.00361111111114,48.00361111111114,48.00361111111114,0.018853009015314007,0.04248763078265365,0.05481128400605953
66,4.0,25.59182352941177,25.59182352941177,25.59182352941177,51.32400000000002,51.32400000000002,51.32400000000002,0.01123160633125416,0.044336173775066844,0.051018713446818256
67,4.0,23.282676056338037,23.282676056338037,23.282676056338037,49.65725352112678,49.65725352112678,49.65725352112678,0.02163005172183163,0.04781959480818482,0.05823709179476329
68,0.0,22.713559322033912,22.713559322033912,22.713559322033912,42.547711864406764,42.547711864406764,42.547711864406764,0.015115071781014091,0.025870523646119144,0.03504282938277369
69,4.0,24.49470588235295,24.49470588235295,24.49470588235295,47.34504201680672,47.34504201680672,47.34504201680672,0.018662196778609037,0.04549632343384046,0.07703143299078319
70,4.0,24.80241071428571,24.80241071428571,24.80241071428571,47.83928571428577,47.83928571428577,47.83928571428577,0.012474772717124927,0.03458802135247684,0.058130957493795835
71,4.0,25.176643356643364,25.176643356643364,25.176643356643364,49.59552447552448,49.59552447552448,49.59552447552448,0.012213912375037982,0.042208624948417185,0.058496292474313226
72,4.0,24.413777777777817,24.413777777777817,24.413777777777817,54.634074074074086,54.634074074074086,54.634074074074086,0.010393323448647922,0.04387314910432041,0.0499292408402095
73,0.0,24.09739436619719,24.09739436619719,24.09739436619719,57.25373239436617,57.25373239436617,57.25373239436617,0.00016501699683197046,0.001657517941327781,0.000444715683847632
74,0.0,22.753606557377054,22.753606557377054,22.753606557377054,59.164672131147526,59.164672131147526,59.164672131147526,0.0,0.0,0.0
75,0.0,22.138205128205136,22.138205128205136,22.138205128205136,56.33987179487182,56.33987179487182,56.33987179487182,0.001153391519857672,0.0039772729206546484,0.00587285913150741
76,0.0,23.086190476190467,23.086190476190467,23.086190476190467,56.587023809523814,56.587023809523814,56.587023809523814,0.000166230490813812,0.0004005434731845604,0.00020806166525560969
77,0.0,24.493032786885227,24.493032786885227,24.493032786885227,58.70286885245901,58.70286885245901,58.70286885245901,0.0,0.0,0.0
78,0.0,23.7114465408805,23.7114465408805,23.7114465408805,59.68427672955977,59.68427672955977,59.68427672955977,0.0,0.000140759539179817,0.001236810525257548
79,0.0,22.443412698412708,22.443412698412708,22.443412698412708,46.26452380952379,46.26452380952379,46.26452380952379,0.00015043277558430488,0.00020756942787604233,0.0011697045186847468
80,0.0,21.76455223880595,21.76455223880595,21.76455223880595,50.09305970149254,50.09305970149254,50.09305970149254,0.0,0.0,0.0
81,0.0,20.142056737588643,20.142056737588643,20.142056737588643,59.78560283687942,59.78560283687942,59.78560283687942,0.0,0.0,0.0
82,0.0,19.992105263157903,19.992105263157903,19.992105263157903,60.994315789473696,60.994315789473696,60.994315789473696,0.0,0.0,0.0
83,0.0,20.258695652173913,20.258695652173913,20.258695652173913,53.00043478260873,53.00043478260873,53.00043478260873,0.0,0.0,0.0
84,0.0,21.200280373831788,21.200280373831788,21.200280373831788,56.133831775700926,56.133831775700926,56.133831775700926,0.0,0.0,0.0
85,0.0,22.901073446327697,22.901073446327697,22.901073446327697,56.78858757062146,56.78858757062146,56.78858757062146,0.002556063665720746,0.0018988669406963987,0.005232018532397032
86,4.0,24.16866279069766,24.16866279069766,24.16866279069766,56.24476744186051,56.24476744186051,56.24476744186051,0.03068158998803712,0.06787144498263416,0.09917810333540376
87,4.0,22.574251968503948,22.574251968503948,22.574251968503948,58.325590551181115,58.325590551181115,58.325590551181115,0.029291589249629983,0.06882932546166881,0.07760151164284645
88,4.0,22.006086956521735,22.006086956521735,22.006086956521735,56.67521739130434,56.67521739130434,56.67521739130434,0.039779905270496026,0.06656356775729459,0.07708004691863064
89,0.0,21.296341463414635,21.296341463414635,21.296341463414635,67.20024390243901,67.20024390243901,67.20024390243901,0.010200965569362314,0.012307760443176989,0.010854622473031044
90,0.0,23.629781021897816,23.629781021897816,23.629781021897816,65.12817518248175,65.12817518248175,65.12817518248175,0.028744540864741427,0.07301611075809006,0.07902063807995623
91,0.0,23.930303030303044,23.930303030303044,23.930303030303044,60.529292929292936,60.529292929292936,60.529292929292936,0.018747079274580955,0.03604578964149239,0.08174485104602172
92,0.0,23.543722627737242,23.543722627737242,23.543722627737242,58.039927007299276,58.039927007299276,58.039927007299276,0.025700123749719344,0.03355949768287428,0.08902990379905404
93,0.0,23.743809523809507,23.743809523809507,23.743809523809507,66.4657142857143,66.4657142857143,66.4657142857143,0.011838942604573362,0.011207228422755316,0.04040030613491883
94,0.0,23.35488805970151,23.35488805970151,23.35488805970151,63.87227611940301,63.87227611940301,63.87227611940301,0.024815799684284948,0.042678273008302556,0.08137847055902858
95,0.0,22.939044943820225,22.939044943820225,22.939044943820225,63.52011235955054,63.52011235955054,63.52011235955054,0.033852593583984424,0.03650140475701254,0.09250333539624463
96,0.0,23.45125000000003,23.45125000000003,23.45125000000003,65.31024193548383,65.31024193548383,65.31024193548383,0.035326180056558694,0.03987858955118448,0.08505341539642701
97,0.0,24.270480769230776,24.270480769230776,24.270480769230776,72.56730769230771,72.56730769230771,72.56730769230771,0.031260236705271775,0.06478117528832576,0.08023138264770066
98,4.0,24.46604166666667,23.513020833333336,22.56,61.03119791666665,58.260598958333325,55.49,0.019220778444398696,0.07445520730359025,0.05159453987279
99,4.0,21.84743421052632,21.84743421052632,21.84743421052632,55.330328947368436,55.330328947368436,55.330328947368436,0.0364600946526723,0.03802567602986909,0.06118392260441974
100,4.0,22.206363636363626,22.206363636363626,22.206363636363626,55.51945454545456,55.51945454545456,55.51945454545456,0.028442797557571554,0.030036174466949485,0.05147321289954947
101,4.0,22.49744525547446,22.49744525547446,22.49744525547446,63.228759124087595,63.228759124087595,63.228759124087595,0.02994481255962859,0.05062971738344477,0.051318737700299606
102,4.0,22.372127659574474,22.372127659574474,22.372127659574474,55.44042553191489,55.44042553191489,55.44042553191489,0.03143896617836534,0.03841447093023184,0.03972953803623828
103,4.0,23.06645161290323,23.06645161290323,23.06645161290323,49.582096774193566,49.582096774193566,49.582096774193566,0.03791163706927753,0.04489870857035648,0.06046764093483191
104,4.0,24.369747899159655,24.369747899159655,24.369747899159655,52.3910084033613,52.3910084033613,52.3910084033613,0.03170470664161118,0.031243845959078784,0.058816794408776796
105,4.0,26.46563909774436,26.46563909774436,26.46563909774436,64.36939849624063,64.36939849624063,64.36939849624063,0.02409866424755382,0.03978799583364748,0.04463170562047231
106,4.0,26.892695652173895,26.892695652173895,26.892695652173895,64.2042608695652,64.2042608695652,64.2042608695652,0.011576332985925088,0.04168126042585,0.040201557996935984
107,4.0,27.3581884057971,24.959094202898548,22.56,52.74876811594203,54.11938405797102,55.49,0.011064375347930413,0.019711029297465685,0.03305306577981303
108,4.0,28.490090909090906,28.490090909090906,28.490090909090906,55.889454545454576,55.889454545454576,55.889454545454576,0.006922644950034905,0.024393764256411425,0.03737335041818147
109,4.0,28.669395973154366,28.226168574812476,27.78294117647059,54.27523489932888,54.1679115673115,54.06058823529412,0.005036419911470156,0.034154420236290284,0.03665182812583781
110,4.0,27.811805555555537,28.071951728826726,28.332097902097917,61.249097222222176,62.42332483488731,63.59755244755244,0.013108426792626597,0.05596826361737422,0.05262233875385513
111,0.0,26.126788990825684,26.704269495412845,27.281750000000006,66.37009174311927,65.11017087155963,63.85025,0.00016570405901929973,0.00047923034868631683,0.00043110102735865243
112,0.0,25.442430555555532,26.08878990464344,26.735149253731354,67.64819444444447,65.9896942371476,64.33119402985075,0.000557947129108507,0.005014401669282736,0.008285569227089742
113,0.0,23.874680851063836,24.540077267637166,25.205473684210496,58.6695744680851,56.393366181411,54.117157894736884,0.0001651829515184191,0.000466225217597481,0.0
114,0.0,23.079263803681,23.662283835542148,24.245303867403297,60.22668711656446,58.58839880690099,56.95011049723752,0.0,0.0,0.0
115,0.0,21.989368421052614,22.5501780376868,23.110987654320983,59.393263157894765,57.17632293697207,54.95938271604938,0.0,0.0,8.1738012443885e-05
116,4.0,23.5223,23.848269205298017,24.17423841059603,59.91569999999997,62.325631456953616,64.73556291390726,0.025045970349850205,0.06219654230003526,0.0253316322126931
117,4.0,25.453594771241814,25.453594771241814,25.453594771241814,73.1237908496732,73.1237908496732,73.1237908496732,0.013910514884168312,0.05802889965434412,0.04186013403010326
118,4.0,22.92,24.86482926829268,26.809658536585356,64.13,67.22012195121951,70.31024390243901,0.03175732644316726,0.04549453782788152,0.04309068220851664
119,0.0,22.92,24.274579646017695,25.62915929203539,64.13,63.94836283185837,63.76672566371674,0.00044166883403594636,0.006870269147268309,0.004404620824141563
120,0.0,22.570320512820523,23.37389402264403,24.17746753246754,69.6634615384616,67.64968531468534,65.63590909090907,0.0,8.121221274518241e-05,0.0
121,0.0,23.145277777777764,23.727709311424086,24.31014084507041,74.51875000000001,72.95867077464789,71.39859154929577,0.0,0.0,0.0
122,0.0,21.124158415841578,21.7758411126827,22.427523809523823,70.5062376237624,68.20873785950026,65.91123809523812,0.0,0.0,0.0
123,0.0,19.679075630252093,20.377152494025125,21.075229357798154,64.20705882352944,61.79830005396654,59.389541284403656,0.0,0.0,0.0
124,0.0,18.493555555555545,18.97888621151271,19.46421686746987,64.31577777777778,62.72198527443105,61.12819277108432,0.0,0.0,0.0
125,0.0,18.749230769230753,19.144251748251733,19.539272727272717,65.38439560439562,63.86865234765237,62.352909090909115,0.0,8.150694408364606e-05,0.0
126,0.0,18.627040816326527,19.04269396188227,19.45834710743802,63.8058163265306,62.195180890538026,60.584545454545456,0.0,0.0,0.0
127,0.0,17.485362318840583,17.859541624536572,18.23372093023256,62.279855072463775,60.86213683855746,59.44441860465115,0.0,0.0,0.0
128,0.0,18.248163265306122,18.512920016491446,18.77767676767677,64.54744897959183,63.5426638837353,62.53787878787876,0.0,0.0005741170549993678,0.0
129,0.0,18.94180952380952,19.098783549783548,19.255757575757574,66.4370476190476,65.66943290043288,64.90181818181816,0.0,0.0,0.0
130,0.0,19.981976744186046,19.88617824551074,19.79037974683544,69.95209302325586,70.55940094200767,71.16670886075947,0.0,0.0,0.0
131,0.0,20.24879120879121,20.36621913380737,20.483647058823532,65.97219780219784,65.55121654815773,65.13023529411763,0.0,0.00045727981066565293,0.0
132,0.0,20.543749999999996,20.525274999999997,20.5068,68.12275,68.06917499999997,68.01559999999996,0.0,8.617211447284742e-05,0.0
133,0.0,21.221666666666653,21.087367424242416,20.953068181818182,66.9102083333333,66.98152462121212,67.05284090909092,0.0,0.0,8.162943050601333e-05
134,0.0,21.3579518072289,21.37988499452354,21.40181818181818,66.51253012048196,66.18262869660464,65.85272727272731,0.0,0.00039638559628474713,0.0
135,0.0,21.55917525773195,21.609908141686496,21.660641025641038,65.32092783505153,64.92591263547448,64.53089743589742,0.0,0.0,0.0
136,0.0,21.89450704225353,21.799161415863615,21.703815789473705,69.48992957746479,70.36269505189028,71.23546052631579,0.0,0.0,0.0
137,0.0,19.942212389380533,20.171827348536418,20.4014423076923,63.293185840707984,62.316112151123235,61.33903846153848,0.0,0.0,0.0
138,0.0,18.008190476190485,18.365913419913422,18.72363636363636,58.04990476190478,56.46530591630591,54.88070707070705,0.0,0.0,0.0
139,0.0,18.357692307692297,18.402984084880632,18.448275862068968,64.31817307692307,63.888914124668446,63.45965517241381,0.0,0.0,0.0
140,0.0,19.779583333333335,19.530680555555552,19.28177777777777,74.11687499999998,74.99499305555554,75.87311111111109,0.0,0.0,0.0
141,0.0,21.100238095238097,20.77806680881307,20.45589552238804,68.49238095238096,69.79242181947403,71.0924626865671,0.0,8.291266855790837e-05,0.0
142,0.0,19.478644067796616,19.709322033898307,19.939999999999998,69.88533898305087,70.56047901533496,71.23561904761905,0.005257139066834028,0.008141831495474202,0.0064330618390752775
143,4.0,20.466833333333348,20.838589080459776,21.21034482758621,65.49191666666667,64.77350143678161,64.05508620689656,0.03515626630512501,0.03847041983296909,0.08834175127136921
144,4.0,22.34492307692309,23.386219927723285,24.42751677852348,63.19799999999997,61.355577181208034,59.5131543624161,0.006703234777937161,0.022581148156941688,0.0720248181036842
145,4.0,23.76149999999999,24.659204106280182,25.556908212560373,65.74687500000005,64.67268870772949,63.59850241545895,0.01791253789035674,0.027436666456243593,0.09392431566383877
146,4.0,23.09753768844219,24.469941921144198,25.8423461538462,67.4354271356784,62.04913664476227,56.66284615384615,0.07392861817821517,0.05171765369824891,0.0980972662856448
147,0.0,20.01714285714287,21.347635944700475,22.67812903225808,62.583730158730155,60.03667153097798,57.489612903225805,0.0037519900603377805,0.005836597005613223,0.014605700988948287
148,0.0,19.020999999999994,19.94747183098591,20.87394366197183,68.14985714285713,64.83591448692152,61.52197183098593,0.0021611105147762238,0.0030854572272483722,0.00014230750220894575
149,0.0,19.011707317073167,19.907567944250864,20.80342857142856,75.51463414634149,70.8226742160279,66.1307142857143,0.0,0.0,0.0
150,4.0,19.437450980392157,20.247882116702108,21.058313253012056,67.53049019607843,64.69193184502717,61.8533734939759,0.0,0.0,0.0
151,4.0,19.183367346938766,19.995780895691603,20.808194444444442,66.14775510204079,63.081308106575946,60.014861111111095,0.0,0.0,0.0
152,4.0,18.820412371134015,19.770458710819533,20.720505050505054,68.67350515463922,65.12756065812769,61.581616161616154,0.0003325323243760373,0.00043560928153501866,0.00014527724706607325
153,4.0,22.699388888888887,21.537648989898997,20.375909090909104,58.95083333333329,64.67359848484847,70.39636363636365,0.009328147597903161,0.00025115573473110053,0.0186370474433175
154,4.0,22.516000000000012,22.507763779527572,22.49952755905513,52.16512500000001,56.34752312992126,60.52992125984251,0.010295401809954656,0.0,0.029400150471343728
155,4.0,19.217094017094002,20.26862765370829,21.320161290322577,62.74854700854702,59.6389106010477,56.529274193548375,0.00033541105761059715,0.0012846803144223576,0.00030681712134518
156,0.0,19.38768939393942,20.24580041652692,21.103911439114412,65.22481060606061,62.76375216649892,60.30269372693723,0.003408438671453755,0.0030413141129585156,0.007839073330162765
157,0.0,17.063571428571432,17.615960972017678,18.168350515463924,60.87948979591834,58.87871397012414,56.87793814432993,0.0,0.0,0.0
158,0.0,16.053384615384612,16.444351037851032,16.83531746031745,63.50723076923076,62.10762332112331,60.70801587301587,0.0,0.0,0.0
159,0.0,15.847605633802814,16.126385461529516,16.405165289256214,66.22849765258215,64.97187279323325,63.71524793388433,0.0,0.0,0.0
160,0.0,15.603505747126453,15.838400918255964,16.073296089385472,66.94735632183907,65.53728151287484,64.12720670391062,0.0,0.0,0.0
161,0.0,13.288062500000006,13.736577262269945,14.185092024539884,50.16274999999999,48.39631365030675,46.62987730061352,0.0,0.0,0.0
162,0.0,10.705277777777779,11.135386636636635,11.565495495495494,57.01990740740737,55.259458208208194,53.499009009009015,0.0,0.0,0.0
163,0.0,10.834220779220782,10.940558665472462,11.04689655172414,68.37805194805198,66.61630183609493,64.85455172413789,0.0,0.0,0.0
164,0.0,14.049629629629637,13.670238543628376,13.290847457627113,86.18659259259259,85.55490646578785,84.92322033898311,0.00025128854698565085,0.00021977721289275293,8.375042416613175e-05
165,0.0,14.79520000000001,14.722766666666674,14.650333333333338,76.56832000000004,76.02536833333335,75.48241666666667,0.0,0.0,0.0
166,0.0,18.92711382113821,19.274698642852563,19.62228346456692,70.87975609756094,68.7641890724025,66.64862204724407,0.0019002786639912672,0.013022456265044488,0.007189666570815277
167,4.0,22.652618025751064,24.52291175260156,26.393205479452057,61.67107296137341,58.82883785054969,55.98660273972596,0.03513396840599766,0.10828572225273293,0.0676732704671131
168,0.0,18.43575539568345,19.305962804224706,20.176170212765964,48.21280575539567,46.724842594009885,45.23687943262409,0.007555284747006629,0.018193858589193104,0.015491504597384775
169,0.0,13.602155172413786,14.462380107215294,15.322605042016802,55.65879310344827,55.08679150970732,54.51478991596637,0.0,0.0,0.0
170,0.0,11.752421052631588,12.462082619339053,13.171744186046517,56.07431578947367,55.383669522643814,54.693023255813955,0.0,0.0,0.0
171,0.0,10.299047619047633,10.939246031746038,11.579444444444443,55.97741496598635,55.534448223733904,55.091481481481466,0.0,0.0,0.0
172,0.0,10.173608247422688,10.600174910228201,11.026741573033716,59.508041237113396,59.60056556237693,59.693089887640454,0.0,0.0,0.00021698287211637942
173,4.0,17.109584775086493,18.822238430708722,20.534892086330956,71.07262975778549,69.23854509472007,67.40446043165464,0.0973355981196524,0.04960152086764179,0.05242452925770225
174,4.0,19.865896414342615,24.194930189153304,28.52396396396399,65.8758167330677,55.032668126293636,44.18951951951958,0.030911344490205096,0.058640848510315494,0.05630342100331598
175,0.0,17.205922330097085,18.38314345671522,19.560364583333357,66.94941747572817,63.0865056128641,59.22359375000003,0.005946775217243599,0.007210673959511137,0.011643418625709367
176,0.0,14.662882882882872,15.704892768875073,16.746902654867274,65.96090090090088,63.41695487522919,60.87300884955749,0.0,0.0,0.0
177,0.0,14.242166666666694,15.098008620689667,15.95385057471264,66.82238888888888,64.20938409961687,61.59637931034487,0.0,0.0,0.0
178,0.0,13.761700000000012,14.462600000000009,15.163500000000004,67.58129999999998,65.37989999999998,63.178499999999964,0.0,0.0,0.0
179,0.0,13.27142857142858,13.803161094224926,14.334893617021274,67.89552380952382,66.26643211752787,64.63734042553193,0.0,0.0,0.0
180,0.0,12.887062499999999,13.300831250000005,13.71460000000001,67.0966875,65.6131104166667,64.12953333333341,0.0,0.0,0.0
181,0.0,12.101481481481489,12.482420428240747,12.863359375000003,67.4957777777777,66.59003732638885,65.684296875,0.0,0.0,0.0
182,0.0,12.491846153846145,12.65311538461538,12.814384615384615,68.28061538461534,67.5060769230769,66.73153846153845,0.0,8.373280471056202e-05,0.0
183,0.0,12.729395973154384,12.821226483986525,12.913056994818666,68.61214765100672,68.08892356643602,67.56569948186532,0.0,0.0,0.0
184,0.0,13.173893805309726,13.198232616940583,13.22257142857144,69.05451327433624,68.34935187526335,67.64419047619047,0.0,0.0,0.0
185,0.0,12.129473684210515,12.3347814849624,12.540089285714286,66.50157894736839,65.68226268796992,64.86294642857146,0.0,0.0,0.0
186,0.0,12.050232558139522,12.071337209302303,12.092441860465085,66.91813953488366,66.56171511627906,66.20529069767444,0.0,0.0,0.0
187,0.0,12.30976415094341,12.285142945036913,12.260521739130418,68.20386792452835,67.40197744052503,66.6000869565217,0.0,0.0,0.0
188,0.0,11.501768707482988,11.638863805796289,11.77595890410959,65.27081632653059,64.4029081632653,63.535000000000004,0.0,0.0,0.0
189,0.0,10.771148325358846,10.845921756262321,10.920695187165794,68.13569377990432,68.04864902898959,67.96160427807486,0.0,0.0,0.0
190,0.0,11.207151515151512,11.163548133266364,11.119944751381215,67.79339393939395,67.59708371002847,67.40077348066299,0.0,0.0,0.0
191,0.0,10.905072463768116,10.922947190788168,10.94082191780822,67.12391304347825,66.99291542584871,66.86191780821916,0.0,0.0,0.0
192,0.0,10.461860465116283,10.489240091713068,10.516619718309853,66.9388372093023,67.09906649197507,67.25929577464784,8.252062987137986e-05,0.00035487537424432964,8.395660887456281e-05
193,0.0,10.124642857142863,10.142465659340662,10.160288461538462,66.47571428571426,66.92247252747251,67.36923076923077,0.0,0.0,0.0
194,0.0,10.027291666666663,10.013645833333332,9.999999999999998,67.22708333333335,67.67480603448277,68.12252873563219,0.0,0.0,0.0
195,0.0,9.742637362637364,9.761428571428574,9.780219780219785,67.7,68.2073076923077,68.71461538461537,0.0,0.0,0.0
196,0.0,9.55285714285714,9.55180900621118,9.550760869565217,67.19384615384614,67.55083612040133,67.90782608695653,0.0,0.0,0.0
197,0.0,8.919061224489798,9.013675911390191,9.108290598290584,65.68489795918369,65.8015088086517,65.9181196581197,0.0,0.0,0.0
198,0.0,9.431204819277111,9.301580670508121,9.171956521739132,68.78361445783133,69.12985070717652,69.4760869565217,0.0,0.0,0.0
199,0.0,9.695250000000001,9.620941582914574,9.546633165829146,67.64680000000006,67.69674170854276,67.74668341708546,0.0,0.0,0.0
200,0.0,8.159473684210527,8.312284919028341,8.465096153846156,66.00778947368423,66.07793319838058,66.14807692307691,0.0,0.0,0.0
201,0.0,7.148270676691736,7.323653856864386,7.499037037037035,65.72278195488722,65.85416875522142,65.98555555555562,0.0,0.0,0.0
202,0.0,6.162248803827753,6.35362440191388,6.545000000000007,65.33909090909086,65.75440656565654,66.16972222222222,0.0,0.0,0.0
203,0.0,5.600000000000001,5.764833333333334,5.929666666666666,65.74285714285713,66.58070634920634,67.41855555555554,0.0,0.0,0.0
204,0.0,5.397777777777773,5.5020138888888885,5.606250000000004,66.20252525252522,67.047753010878,67.89298076923077,0.0,0.0,0.0
205,0.0,4.7694565217391265,4.896733337011696,5.024010152284265,64.29478260869561,65.62358419774881,66.95238578680201,0.0,0.0,0.0
206,0.0,3.696802507836984,3.859290824470635,4.021779141104286,62.03354231974933,62.57243066907719,63.111319018405055,0.0,0.0,0.0
207,0.0,8.891555555555557,12.353088247091861,15.814620938628167,62.14482222222219,52.319667428800656,42.49451263537912,0.01290515112599623,0.0021657397364368254,0.004181891149285212
208,0.0,9.0256,14.302548201438855,19.57949640287771,61.37656,47.18176920863309,32.98697841726619,0.0,0.0,0.00016417493199458294
209,0.0,6.693759398496248,13.550974187437099,20.40818897637795,61.460977443609025,44.79666982416671,28.132362204724398,0.0,0.0,0.0
210,0.0,5.7913698630136965,13.687942996022983,21.58451612903227,60.580547945205446,42.518069671527456,24.455591397849467,0.0,0.0,0.0
211,0.0,5.16597014925373,13.551412493981697,21.936854838709664,60.11619402985077,41.46354056331247,22.810887096774174,0.0,0.0,0.0
212,0.0,4.47781954887218,13.809347730640464,23.14087591240875,59.278195488721806,39.642345919543395,20.00649635036498,0.0,0.0,0.0
213,0.0,3.7357291666666654,14.081041666666668,24.42635416666667,58.283124999999956,37.790052083333315,17.29697916666667,0.0,0.0,8.148479228182467e-05
214,0.0,3.4034146341463427,13.892365211810024,24.381315789473703,59.08211382113823,38.248293752674385,17.414473684210535,0.0,0.0,0.0
215,0.0,3.1214213197969545,13.990402967590782,24.85938461538461,58.63233502538064,37.62406494858776,16.61579487179487,0.0,0.0,0.0
216,0.0,3.2104929577464807,13.796474549048689,24.382456140350897,59.53218309859153,38.50693365455892,17.481684210526307,0.0,0.0,0.0
217,0.0,3.662929292929293,13.83921694004262,24.01550458715595,60.19000000000001,39.294174311926604,18.3983486238532,0.0,0.0,0.0
218,0.0,3.1801010101010103,14.448115021179543,25.716129032258074,57.76757575757579,36.39201368523951,15.016451612903232,0.0,0.0,0.0
219,0.0,2.531505376344089,14.356015846066786,26.180526315789482,57.41258064516127,35.79905348047537,14.185526315789472,0.0,0.0,0.0
220,0.0,2.856825396825397,13.913544277360069,24.970263157894742,59.86714285714286,38.11034774436091,16.35355263157895,0.0,0.0,0.0
221,0.0,3.6402272727272744,13.903295454545454,24.166363636363634,60.0336363636364,38.93926136363639,17.844886363636377,0.0,0.0,8.183035252827821e-05
222,0.0,,,,,,,,,
223,0.0,,,,,,,,,
224,0.0,,,,,,,,,
225,0.0,,,,,,,,,
226,0.0,5.3215625000000015,12.21748027912622,19.113398058252436,63.820781249999996,46.26242945995145,28.704077669902908,9.16779418413627e-05,0.0003874814875954246,0.0021032271607733617
227,0.0,5.523053435114502,10.975063302923106,16.42707317073171,65.78992366412211,50.47313256376839,35.15634146341466,0.0,0.0,0.0005221419876953227
228,0.0,5.438418604651167,11.083238428539175,16.728058252427186,64.56320930232553,49.10995416572586,33.65669902912619,8.15017006690415e-05,8.320960725760699e-05,0.00028025841053986293
229,0.0,5.263984375000003,11.01009437728102,16.756204379562035,64.91375000000001,48.618188868613146,32.32262773722629,0.0,0.0,0.0007496921059463277
230,0.0,6.111783439490447,10.746545314516455,15.381307189542463,68.68751592356682,53.34460763498602,38.001699346405225,0.0,0.0,0.00014469662498149696
231,0.0,6.999465240641714,10.668235158391925,14.337005076142134,69.95989304812841,56.610048046906826,43.260203045685245,0.0,0.0,0.0004106883639979957
232,0.0,7.333374233128831,10.657178446044188,13.980982658959544,68.47128834355827,56.563794460796494,44.65630057803472,0.0,0.0,0.0002242173627199853
233,0.0,7.608133333333326,10.594671762208069,13.581210191082814,68.0521333333333,57.10214946921444,46.15216560509558,0.0,0.0,0.000238329206728595
234,0.0,7.096857142857127,10.840985649054133,14.58511415525114,67.92757142857137,55.21200489236786,42.49643835616434,0.0,0.0,0.00031542842071767573
235,0.0,6.800487804878037,11.087243902439027,15.374000000000018,68.03310104529614,54.04951603988946,40.06593103448279,8.346843754848359e-05,0.0001441617092897066,0.0002905145370291661
236,0.0,6.207325581395351,11.360510616784639,16.513695652173926,66.03604651162794,49.69602325581398,33.35600000000001,0.0,0.0,0.00024005066757927138
237,0.0,5.330103626943001,11.115132894552579,16.900162162162157,65.08378238341965,47.966945245763874,30.850108108108106,0.0,0.0,0.00028316822240124606
238,0.0,5.405205479452053,10.542513850837139,15.679822222222224,69.22899543378992,52.80887549467273,36.388755555555555,0.0,8.251274931057896e-05,0.00039319082103098123
239,0.0,7.032234042553181,10.66779926426724,14.303364485981298,70.62457446808507,57.07434330880891,43.524112149532755,0.0,0.0,8.106707627356582e-05
240,0.0,7.547420814479638,10.849566888721304,14.15171296296297,69.847556561086,57.33308383609856,44.818611111111125,0.0,0.0,0.0003901192009339689
241,0.0,6.630493827160493,11.000964862298192,15.37143589743589,67.43450617283955,52.49274026590696,37.55097435897437,0.0,0.0,0.00044765666999944216
242,0.0,6.217029702970295,10.679752946723246,15.142476190476197,68.22643564356436,53.39488448844885,38.56333333333334,0.0,0.0,8.241036259937868e-05
243,0.0,7.044423076923073,10.533454476314649,14.022485875706225,69.94025641025644,56.923433289873984,43.906610169491536,0.0,0.0,0.00024724612354897076
244,0.0,7.3853846153846145,10.72539072039072,14.065396825396828,68.71709401709404,56.359380341880325,44.001666666666615,0.0,0.0,0.00022700135690039048
245,0.0,6.54230158730159,10.792222222222225,15.04214285714286,68.26817460317454,54.028690476190455,39.78920634920637,0.0,0.0,8.135879384197604e-05
246,0.0,6.180526315789476,10.578185235816818,14.97584415584416,69.11144736842108,54.48877563226249,39.866103896103894,0.0,0.0,8.218940260869323e-05
247,0.0,6.3761445783132515,10.621807583274268,14.867470588235287,69.33409638554217,55.18348936924167,41.03288235294117,0.0,0.0,0.00043931607974011006
248,0.0,7.20857142857143,10.47484126984127,13.74111111111111,73.34714285714287,60.564960317460326,47.78277777777778,0.0,0.0,0.00024151229393708332
249,0.0,7.121524663677128,11.089965871661567,15.058407079646006,70.36995515695071,55.90511032183818,41.44026548672566,0.0,0.0,0.00016665008956726302
250,0.0,5.315,11.176750000000002,17.038500000000003,67.03101694915256,49.10375847457628,31.176500000000008,0.0,0.0,0.00030123188283364343
251,0.0,4.1103603603603585,11.74730407398549,19.38424778761062,65.14090090090089,44.896512397353106,24.65212389380532,0.0,0.0,0.0002937601265135622
252,0.0,2.1575000000000006,12.604990875912414,23.052481751824825,61.30825581395348,38.844894330334405,16.38153284671533,0.0,0.0,0.00022458627475529917
253,0.0,0.3115714285714287,13.373512987012976,26.435454545454522,58.40428571428575,35.084498229043696,11.764710743801649,0.0,0.0,0.00028704424082261405
254,0.0,-1.4055208333333333,13.42219926075269,28.249919354838713,57.451874999999994,33.48634072580645,9.520806451612904,0.0,8.245582016267196e-05,0.000700719914405691
255,0.0,-1.0472105263157885,12.042394736842112,25.132000000000012,59.338789473684216,35.75151668806162,12.164243902439031,0.0,0.0,0.0003677218604237357
256,0.0,0.2940740740740743,11.727199374699373,23.16032467532467,62.82851851851852,39.228285233285234,15.628051948051949,0.0,0.0,0.00029203812474559
257,0.0,0.9303743315508011,11.743580022918263,22.556785714285724,62.91368983957224,40.054969919786124,17.196250000000006,0.0,0.0,0.0004155477546860332
258,0.0,2.2469662921348306,11.095518029788344,19.94406976744186,64.91859550561804,43.57662333420437,22.2346511627907,0.0,0.0,0.00014414170657065393
259,0.0,3.16,10.891049382716048,18.622098765432096,65.66013157894737,45.54796702404158,25.435802469135798,0.0,0.0,0.00014013505429156614
260,0.0,3.554166666666666,11.528489583333334,19.5028125,64.68333333333334,44.32276041666667,23.9621875,0.0,0.0,0.00017368782766640872
261,0.0,1.6240000000000006,11.876130434782599,22.1282608695652,61.10314285714285,39.007006211180126,16.910869565217403,0.0,0.0,0.0005421294855852902
262,0.0,2.0248230088495567,10.94607059533387,19.867318181818185,62.43185840707972,41.42365647626715,20.41545454545457,0.0,0.0,0.1524769551539736
263,0.0,3.0038961038961003,11.011443665983151,19.018991228070202,64.39419913419918,44.14049868990661,23.88679824561403,0.0,0.0,0.00030028675139854075
264,0.0,2.9709333333333334,11.655665342163356,20.340397350993378,63.26333333333331,42.32342163355407,21.383509933774832,0.0,0.0,0.0004142022991448435
265,0.0,3.0877906976744183,11.431382395469333,19.774974093264248,64.15720930232561,43.494718640800116,22.832227979274617,0.0,0.0,0.00029781480295961593
266,0.0,3.1338914027149314,11.605538138332257,20.077184873949584,63.528552036199116,42.704801228183584,21.88105042016806,0.0,0.0,0.0
267,0.0,3.5040350877192994,10.989622334278812,18.475209580838325,63.44666666666665,43.98953093812374,24.532395209580837,0.0,0.0,0.00022201405322447195
268,0.0,4.467590361445788,11.036382593310297,17.605174825174803,66.05694779116463,47.60920816131657,29.161468531468508,0.0,0.0,0.0
269,0.0,5.0714393939393965,10.744563234384671,16.417687074829946,70.04590909090912,51.866049783549784,33.686190476190454,0.0,0.0,0.00022677711908404373
270,0.0,5.538285714285721,10.94789285714285,16.35749999999998,67.81576190476191,50.7364593837535,33.65715686274509,0.0,0.0,0.0
271,0.0,5.019838709677418,10.933838952828664,16.84783919597991,66.76817204301076,48.910266926028,31.05236180904524,0.0,0.0,0.00028220726188553266
272,0.0,5.300958904109591,11.05209583136514,16.803232758620688,67.4122374429223,49.94437303180598,32.47650862068966,0.000280255254223367,0.0001403674825611593,0.000545188080220593
273,0.0,9.628920863309355,14.057271082542268,18.48562130177518,63.38748201438853,48.07903686518243,32.77059171597633,0.0,0.0,0.00016344522885024742
274,0.0,6.602528735632183,11.175550082101807,15.748571428571433,65.39724137931034,50.15633497536945,34.915428571428556,0.0,0.0,0.0
275,0.0,5.770694444444445,10.980347222222223,16.19,64.9825,48.758836206896554,32.535172413793106,0.0,0.0,8.30032244126677e-05
276,0.0,5.7428395061728414,10.676236826257147,15.609634146341453,67.1263580246913,51.269520475760274,35.412682926829255,0.0,0.0,0.00016312889838577708
277,0.0,5.7211214953270995,10.853781086646602,15.986440677966105,66.44728971962618,50.457373673372416,34.46745762711864,0.0,0.0,0.0002823660996403873
278,0.0,6.038454106280203,10.742958017607096,15.447461928933988,68.17420289855075,52.4828374898845,36.79147208121827,0.0,0.0,0.0002662767806170189
279,0.0,7.10916666666667,10.818607723577232,14.528048780487794,70.84562500000001,56.65360518292683,42.46158536585365,0.0,0.0,0.00014116671240093444
280,0.0,7.129382022471924,10.846789456831818,14.564196891191711,69.32612359550568,55.7713260464575,42.216528497409335,0.0,0.0,0.0
281,0.0,7.22492647058823,10.750593316594934,14.276260162601638,70.56205882352945,57.33139526542326,44.10073170731707,0.0,0.0,0.00014526326312650796
282,0.0,8.059518072289167,11.197551058936613,14.335584045584058,71.40843373493976,58.64142484467784,45.874415954415916,0.00016744837324713415,0.00014183031745803196,0.0002415464397587069
283,0.0,7.517692307692314,11.52961004273504,15.541527777777766,69.48454545454545,54.710432449494945,39.93631944444443,0.0,0.0,0.0
284,0.0,6.157058823529414,11.81202941176471,17.467000000000006,67.64156862745097,49.85195098039215,32.062333333333335,0.0,0.0,0.0
285,0.0,5.502465753424659,10.986067587456127,16.469669421487595,68.18068493150685,50.916168912034415,33.651652892561984,0.0,0.0,8.38703164889015e-05
286,0.0,5.909736842105264,10.401686602870818,14.893636363636372,73.00947368421052,56.63185805422647,40.25424242424242,0.0,0.0,8.151368014324454e-05
287,0.0,10.946874999999997,14.089335558252415,17.231796116504835,68.45500000000004,55.66475728155339,42.87451456310675,0.0,0.0,0.00027040568374219837
288,0.0,9.419180327868853,10.988855700657599,12.558531073446346,70.64366120218584,62.315107437251115,53.9865536723164,0.0,0.0,0.0
289,0.0,8.340769230769226,10.853086228287841,13.365403225806457,69.87923076923074,59.40614764267988,48.933064516129015,0.0,0.0,0.0
290,0.0,7.71210526315789,10.852964396284829,13.993823529411769,68.55460526315791,56.08384674922601,43.613088235294114,0.0,0.0,0.0
291,0.0,7.591666666666662,10.677166666666666,13.76266666666667,69.35791666666667,57.41040277777778,45.4628888888889,0.0,0.0,8.339048849543768e-05
292,0.0,,,,,,,,,
293,0.0,,,,,,,,,
294,0.0,,,,,,,,,
295,0.0,,,,,,,,,
296,0.0,,,,,,,,,
297,0.0,,,,,,,,,
298,0.0,,,,,,,,,
299,0.0,,,,,,,,,
300,0.0,,,,,,,,,
301,0.0,,,,,,,,,
302,0.0,,,,,,,,,
303,0.0,9.538906249999997,11.262548363095238,12.986190476190478,74.21937499999999,66.14183035714285,58.06428571428571,0.0005858604321070628,0.0011295636632773197,0.0012374765194616908
304,0.0,9.583571428571435,10.977533377837121,12.371495327102807,73.94142857142856,67.04169559412549,60.141962616822426,0.0001652362021645377,0.00032730054406404147,0.0004226414846402779
305,0.0,9.38953125,10.961890624999999,12.534249999999998,74.47820312500004,66.98260156250004,59.48700000000003,0.0,0.0,0.0
306,0.0,9.391612903225807,11.061302905513617,12.73099290780143,73.32758064516129,65.83584706016929,58.34411347517728,0.0,0.0,0.0
307,0.0,9.016093750000005,10.976062748015877,12.93603174603175,73.06796874999999,64.5437462797619,56.01952380952381,0.0,0.0,0.0
308,0.0,9.204626865671642,10.99488919041158,12.785151515151517,72.37313432835819,63.921567164179095,55.47,0.0,0.0,0.0
309,0.0,,,,,,,,,
310,0.0,,,,,,,,,
311,0.0,,,,,,,,,
312,0.0,,,,,,,,,
313,0.0,,,,,,,,,
314,0.0,,,,,,,,,
315,0.0,,,,,,,,,
316,0.0,,,,,,,,,
317,0.0,,,,,,,,,
318,0.0,,,,,,,,,
319,0.0,,,,,,,,,
320,0.0,,,,,,,,,
321,0.0,,,,,,,,,
322,0.0,,,,,,,,,
323,0.0,,,,,,,,,
324,0.0,,,,,,,,,
325,0.0,,,,,,,,,
326,0.0,,,,,,,,,
327,0.0,,,,,,,,,
328,0.0,,,,,,,,,
329,0.0,,,,,,,,,
330,0.0,,,,,,,,,
331,0.0,,,,,,,,,
332,0.0,,,,,,,,,
333,0.0,,,,,,,,,
334,0.0,,,,,,,,,
335,0.0,,,,,,,,,
336,0.0,,,,,,,,,
337,0.0,,,,,,,,,
338,0.0,,,,,,,,,
339,0.0,,,,,,,,,
340,0.0,,,,,,,,,
341,0.0,,,,,,,,,
342,0.0,,,,,,,,,
343,0.0,,,,,,,,,
344,0.0,,,,,,,,,
345,0.0,,,,,,,,,
346,0.0,8.88,11.045000000000002,13.21,72.12,62.925,53.73,0.0,0.0,0.0
347,0.0,13.923571428571424,14.084990842490841,14.246410256410257,70.28071428571431,68.27048534798536,66.26025641025642,0.0001651998308680262,0.0003276096923669352,0.0005497568683337092
348,0.0,14.024482758620685,13.981862591431554,13.939242424242423,70.99534482758621,69.89274817136885,68.79015151515149,0.0,0.0,0.0
349,0.0,14.229999999999992,14.282352941176475,14.334705882352958,71.32517730496457,70.05177982895286,68.77838235294115,0.0,0.0,0.0
350,0.0,13.709545454545456,13.887681224004755,14.065816993464054,69.43948863636366,67.44098614824719,65.44248366013073,0.0,0.0,0.0
351,0.0,12.08580086580088,12.350862617774393,12.615924369747905,69.4716883116883,67.60311306340718,65.73453781512606,0.0,0.0,0.0
352,0.0,11.52,11.78,12.04,69.77,67.96000000000001,66.15,0.002052922079153374,0.0,0.043288291193066375
353,0.0,9.767377049180322,10.023506706408345,10.279636363636365,67.46491803278688,65.49082265275707,63.51672727272727,0.0,0.0,0.0
354,0.0,9.105340909090906,9.275825216450217,9.446309523809528,66.66750000000002,64.96291666666667,63.25833333333334,0.0007731166958794254,0.000384529877580124,0.00020073579295795714
355,0.0,9.095748031496063,9.171410601113891,9.247073170731717,67.12582677165359,66.19502720696502,65.26422764227644,0.0,0.0,0.0
356,0.0,9.10145299145299,9.15410368870895,9.20675438596491,68.8725641025641,67.68698380566804,66.50140350877197,0.0,0.0,0.0
357,0.0,8.149375000000001,8.309754166666668,8.470133333333337,67.32312500000003,65.55309583333334,63.78306666666666,0.0,0.0,0.0
358,0.0,7.660487804878048,7.783982641177763,7.90747747747748,65.58016260162604,63.77737859811032,61.97459459459459,0.0,0.0,0.0
359,0.0,8.336363636363632,8.437239409804855,8.538115183246077,65.58604278074868,64.38875437466754,63.191465968586414,0.0,0.0,0.0
360,0.0,8.279662921348317,8.335275905118607,8.390888888888895,68.02056179775282,66.94428089887639,65.86799999999995,0.0,0.0,0.0
361,0.0,9.002962962962961,9.025016835016832,9.047070707070704,67.01546296296294,65.84202441077439,64.66858585858583,0.0,0.0,0.0
362,0.0,9.882941176470586,9.666875993640692,9.450810810810799,66.81623529411769,66.2959554848967,65.77567567567571,0.0,8.258464847828844e-05,0.0
363,0.0,11.107761194029854,10.840641160395208,10.573521126760562,67.424776119403,67.54562749632123,67.66647887323944,0.0,0.0,0.0
364,0.0,,,,,,,,,
365,0.0,15.81581632653061,15.581276584317944,15.346736842105278,66.40183673469384,66.87907626208377,67.35631578947371,0.0071499698086852515,0.009517988374859909,0.006316177164152167
366,4.0,21.70500000000003,23.20307539682541,24.70115079365079,52.00578431372546,50.2578723155929,48.50996031746034,0.06309909829006966,0.1420017657515605,0.0995129298256272
367,4.0,22.614387096774205,23.88507661290324,25.155766129032276,43.67967741935484,45.58227822580648,47.48487903225813,0.03418665018417874,0.08565926472945316,0.0774532072968777
368,4.0,22.88220338983051,24.61797669491525,26.35374999999999,37.325254237288114,35.96146640435835,34.59767857142858,0.014357842000199197,0.04896682491762646,0.028245348239330326
369,4.0,,,,,,,,,
370,0.0,,,,,,,,,
371,0.0,,,,,,,,,
372,0.0,,,,,,,,,
373,0.0,,,,,,,,,
374,0.0,,,,,,,,,
375,0.0,14.774666666666667,15.183583333333335,15.592500000000001,51.76333333333334,50.4025,49.04166666666666,0.0,0.0,0.0
376,0.0,15.242714285714289,15.470884169884169,15.69905405405405,53.87257142857144,52.78561003861004,51.698648648648636,0.0,0.0,0.0
377,0.0,14.897300000000003,15.183536363636367,15.469772727272732,48.79220000000004,47.64303181818184,46.493863636363635,0.0,0.0,0.0
378,0.0,14.401604938271607,14.613373897707232,14.825142857142858,48.59851851851852,47.78733068783069,46.97614285714286,0.0003635101782760313,0.0,0.0
379,0.0,,,,,,,,,
380,0.0,13.95,14.09,14.23,47.96,47.96,47.96,0.0,0.0,0.0
381,0.0,15.441346153846156,15.39480769230769,15.348269230769226,49.57,49.27874999999999,48.98749999999998,0.0,0.0,0.0
382,0.0,16.28834586466166,16.10281954887218,15.917293233082697,48.92127819548875,49.15496240601506,49.38864661654137,0.0,0.0,0.0
383,0.0,16.86458823529412,16.69420133414191,16.523814432989692,49.62411764705882,49.92247119466343,50.220824742268036,0.0,0.0,0.0
384,0.0,17.53835164835164,17.357802197802197,17.177252747252755,52.994945054945035,53.35516483516483,53.71538461538463,0.0,0.0,0.0
385,0.0,18.15357894736841,17.934914473684202,17.71625,54.36915789473683,54.88651644736843,55.40387500000003,0.0,0.0,0.0
386,0.0,18.97448275862068,18.714776590577948,18.455070422535215,56.01850574712643,56.71185850736604,57.405211267605644,0.0,0.0,0.0
387,0.0,19.902844036697253,19.64775229357798,19.392660550458707,56.04926605504586,56.76977064220182,57.490275229357785,0.0010076184839164688,0.0009688694057286793,0.0005855510057927771
388,0.0,20.613928571428563,20.39046855921855,20.16700854700854,57.43160714285711,58.13123092185592,58.830854700854715,0.0,0.0,0.0
389,0.0,20.050842105263147,19.916171052631572,19.781499999999998,59.342526315789485,59.46066315789474,59.578799999999994,0.0,0.0,0.0
390,0.0,20.875263157894754,21.622006578947374,22.368749999999995,55.67406015037594,53.96669674185463,52.25933333333334,0.0047855599233217585,0.003956153991315662,0.003842154072654263
391,4.0,23.15448529411764,24.151430958747127,25.148376623376617,57.71058823529406,59.08932009167299,60.468051948051915,0.0268988702775311,0.06752775226989609,0.06405499489119497
392,0.0,21.728749999999994,22.375154816513756,23.021559633027522,60.46385416666666,58.05123900993882,55.63862385321098,0.004185726170193934,0.006260447527733195,0.008119450978004388
393,0.0,20.95395348837209,21.627231846226856,22.300510204081625,59.7052325581395,53.38975913621262,47.07428571428573,0.0003751982959067464,0.0005472057485714106,0.00029819959847312807
394,0.0,20.809340659340645,21.387695021028357,21.96604938271607,56.26901098901099,54.46512277845612,52.66123456790126,0.0,0.0,0.0
395,0.0,21.20809859154929,21.64673141497994,22.085364238410587,57.753380281690134,56.38880934614305,55.02423841059596,0.0035436093046665217,0.02316856304294801,0.0355798772480127
396,4.0,22.576634615384627,23.262255663856692,23.94787671232876,60.34115384615383,61.668864594309824,62.99657534246582,0.024811032416242985,0.05566852956048593,0.08566683004538796
397,4.0,23.448217821782183,23.895633301134986,24.34304878048779,59.826039603960396,62.375153948321696,64.924268292683,0.01822679394773195,0.04977984832463595,0.07140064377959542
398,4.0,23.854038461538487,24.84252674956624,25.83101503759399,69.09999999999998,67.98951127819548,66.87902255639098,0.025003908205179396,0.060100039867104306,0.07652294313820496
399,0.0,21.911789473684212,22.882521720969095,23.853253968253977,66.26094736842106,63.28733876357561,60.313730158730166,0.004266064364154411,0.004943656893855849,0.007445455602987905
400,0.0,20.499587628865985,21.088782578477936,21.677977528089887,68.0485567010309,66.29281767635817,64.53707865168542,0.0,0.0,0.0
401,0.0,19.838472222222222,20.371494175627245,20.904516129032267,66.36194444444442,64.3751657706093,62.388387096774174,0.00014258895103396566,0.0,0.0
402,0.0,19.795304347826086,20.232404649160568,20.66950495049505,64.9580869565217,63.50963753766678,62.06118811881186,0.000742124657924983,0.0006764877614118945,0.0008849516825234117
403,0.0,20.16142857142856,20.432593984962406,20.703759398496253,64.4575892857143,63.324659304511286,62.19172932330827,0.0,0.0,0.0
404,0.0,19.77778947368422,19.996832881171997,20.21587628865978,63.572315789473684,62.62074552360281,61.669175257731936,0.0,0.0,0.0
405,0.0,19.652045454545465,19.796946640316207,19.941847826086946,62.85897727272729,62.10579298418973,61.35260869565217,0.0,0.0,0.0
406,0.0,19.91416666666666,20.06628333333333,20.218400000000003,63.11791666666662,62.25125833333328,61.38459999999995,0.00016459401871680342,8.128606491538431e-05,0.0
407,0.0,19.304661016949158,19.441019828862935,19.577378640776715,64.52949152542371,63.637367121935156,62.745242718446605,0.0,0.0,0.0
408,0.0,19.011455696202532,19.145863902523026,19.28027210884352,62.49734177215191,61.62873891328681,60.760136054421714,0.0,0.0,0.0
409,0.0,17.662000000000003,17.87847191011236,18.09494382022472,61.24746666666666,60.24766591760299,59.24786516853932,0.0,0.0,0.0
410,0.0,16.459375,16.657368659420296,16.85536231884059,61.76062499999996,60.84060235507244,59.92057971014492,0.0,0.0,0.0
411,3.0,19.627735849056595,21.580305977625645,23.532876106194696,63.133584905660385,56.216062364334604,49.298539823008824,0.07456649160242397,0.04351044825019816,0.03419950401963041
412,3.0,21.920370370370375,22.27140469738032,22.622439024390264,58.789907407407384,60.64564476061425,62.50138211382112,0.04373592798052198,0.06314747397564896,0.0446773226882617
413,0.0,22.431307692307705,22.69793956043956,22.964571428571418,63.39384615384615,62.786673076923094,62.17950000000003,0.02156394337934819,0.020163021104846163,0.03944953825538409
414,0.0,21.49063829787233,22.01886081560283,22.547083333333333,65.8948936170213,64.24822805851065,62.6015625,0.0,0.0,0.0
415,0.0,22.078588235294134,22.54291290217745,23.00723756906076,65.0997647058823,64.1335563860903,63.16734806629831,0.0,0.0,0.0
416,0.0,22.54731707317073,22.908658536585367,23.270000000000003,65.27344947735193,64.0470701334128,62.82069078947368,0.00016702405818704225,0.000431144075450158,0.0003645433460716035
417,0.0,20.97705426356588,21.389372202205468,21.801690140845057,63.31232558139536,61.07859236816248,58.8448591549296,0.0,0.0,0.0
418,0.0,21.5370567375887,21.832913226838507,22.128769716088314,66.38180851063828,65.29418501241688,64.20656151419549,0.005768188608107347,0.010204090692781076,0.014116597087858148
419,3.0,24.274943820224717,24.516135276448992,24.75732673267327,70.61606741573033,71.62055846034039,72.62504950495047,0.019200976468234345,0.08071142963118726,0.06761118158764556
420,3.0,24.294225352112676,24.72950398040416,25.16478260869565,66.6938028169014,66.63233619105938,66.57086956521735,0.02492586265773818,0.09516729529803065,0.11407266065588295
421,3.0,24.367234042553175,24.8565016366612,25.34576923076922,68.40042553191492,68.33857815057283,68.27673076923075,0.016822036095870293,0.042499398714693715,0.08587870256638896
422,3.0,25.256600000000006,25.639194308943097,26.021788617886184,64.93219999999998,64.98366097560977,65.03512195121955,0.02282472383642414,0.06902659955804764,0.08917049366710555
423,3.0,26.559097744360898,26.909858949699842,27.260620155038787,62.13616541353384,63.62963309436384,65.12310077519383,0.015218910320211955,0.08712817055795934,0.0819545576734787
424,3.0,27.466533333333338,27.75677133956387,28.0470093457944,63.3056,64.03401495327103,64.76242990654205,0.009777307924742615,0.06198209337243553,0.07806167699064141
425,3.0,27.963,28.215953551912577,28.468907103825153,65.73047368421055,67.22829695139492,68.7261202185793,0.045143852314748587,0.060397754625332256,0.05854664252429702
426,3.0,27.377295597484274,27.632052706717605,27.886809815950937,61.281635220125764,62.05719797816103,62.83276073619629,0.019069448094275254,0.0744961333372356,0.0784402235545292
427,3.0,28.706536312849167,28.916644445084373,29.126752577319582,63.32234636871506,63.86220411219252,64.40206185566998,0.0035636132011566926,0.11651255664624705,0.08272571270718504
428,4.0,24.210844155844146,25.08352665308546,25.956209150326774,61.869610389610365,62.32098166539342,62.77235294117647,0.03748820564391054,0.1269603953453834,0.08757336694547806
429,4.0,21.707325581395345,22.847478580171355,23.987631578947365,59.41162790697678,56.41752447980417,53.42342105263157,0.03993879256667928,0.09649643423026581,0.0727343646789008
430,4.0,22.083131313131283,23.23988682444885,24.396642335766415,63.47777777777782,64.17443633414436,64.8710948905109,0.0408049229982434,0.09612756493356929,0.0814088002168697
431,4.0,22.13054421768709,23.360018944286573,24.589493670886057,58.70278911564628,57.80718569706363,56.911582278480985,0.027815501676291054,0.11024703298984248,0.07548545823447776
432,4.0,22.819307692307703,23.918301644895983,25.017295597484264,51.927384615384625,53.78111369134011,55.6348427672956,0.041677180246297615,0.06283786661178808,0.08289547137466198
433,0.0,24.80018072289155,25.91673632417871,27.03329192546587,55.99698795180722,53.104549876524736,50.21211180124225,0.0010698119097814222,0.00277406136604808,0.006582233915030282
434,0.0,23.94330578512397,24.728676702085796,25.51404761904762,63.44851239669422,60.981121277712205,58.51373015873019,0.0060512417752283665,0.0030268169258202216,0.010559783137028121
435,0.0,23.766836734693882,24.394056665219274,25.021276595744666,62.07632653061221,61.99731220147632,61.918297872340425,0.0017579606976852646,0.003134198370595216,0.004753111381053865
436,0.0,24.49026315789473,24.95145102339181,25.412638888888896,60.84776315789474,59.39152046783626,57.93527777777777,0.0,0.0,0.0
437,0.0,25.81844444444445,26.081297693920337,26.344150943396226,61.398666666666635,60.7315974842767,60.06452830188676,0.0,0.0,0.0
438,0.0,,,,,,,,,
439,0.0,,,,,,,,,
440,0.0,,,,,,,,,
441,0.0,,,,,,,,,
442,4.0,,,,,,,,,
443,4.0,,,,,,,,,
444,4.0,,,,,,,,,
445,4.0,,,,,,,,,
446,0.0,,,,,,,,,
447,7.0,,,,,,,,,
448,7.0,,,,,,,,,
449,7.0,,,,,,,,,
450,7.0,,,,,,,,,
451,7.0,,,,,,,,,
452,7.0,,,,,,,,,
453,7.0,,,,,,,,,
454,7.0,,,,,,,,,
455,0.0,,,,,,,,,
456,0.0,22.381578947368414,22.96283492822966,23.54409090909091,58.171578947368424,58.54488038277512,58.91818181818181,0.06780954264975428,0.003521717465907418,0.24497921189749644
457,0.0,21.84402597402598,21.93961298701298,22.035199999999982,58.15584415584416,58.40865541125541,58.66146666666666,0.0,0.0,0.0
458,0.0,22.559391304347834,22.5145881252922,22.469784946236565,56.08017391304348,56.3817536231884,56.683333333333316,0.014123764603569297,0.015679214418966962,0.016892818255541765
459,4.0,24.424732142857174,24.863920125482643,25.30310810810811,52.55544642857142,53.6069461872587,54.65844594594597,0.02572343107819412,0.06533749565480453,0.07504118002935813
460,4.0,24.113250000000008,24.782487068965523,25.45172413793104,57.00716666666666,59.769066091954016,62.53096551724138,0.027465567807258486,0.0368074783063298,0.0920598572064551
461,4.0,23.03350000000001,23.70958185840709,24.38566371681417,59.89412499999995,61.670912057522116,63.44769911504428,0.0384254381876651,0.03754494980541265,0.09394151295451864
462,4.0,23.99787234042553,24.768215831229707,25.538559322033883,62.91691489361705,63.81938965019835,64.72186440677966,0.03387096096497559,0.04646646713185334,0.0878680387210946
463,4.0,22.884615384615383,25.531272450016942,28.177929515418498,66.40509615384616,60.290984200271104,54.17687224669605,0.040625127195426367,0.03621711016383123,0.10124459617753925
464,4.0,23.748000000000005,26.701983425414358,29.65596685082871,65.93,58.81361878453039,51.69723756906077,0.03567203628177899,0.049062752661412266,0.065098496228135
465,4.0,24.400510204081627,25.18130605745482,25.962101910828014,65.05091836734692,66.36103243208112,67.67114649681531,0.036497719414564936,0.0610637112680965,0.07648923603533223
466,0.0,23.108500000000006,23.82389285714286,24.53928571428571,69.3288888888889,71.57623015873017,73.82357142857143,0.00016481045022492913,0.0001535828365314925,0.000165639930894899
467,0.0,,,,,,,,,
468,4.0,,,,,,,,,
469,4.0,,,,,,,,,
470,4.0,,,,,,,,,
471,4.0,,,,,,,,,
472,4.0,,,,,,,,,
473,4.0,,,,,,,,,
474,4.0,,,,,,,,,
475,4.0,,,,,,,,,
476,0.0,,,,,,,,,
477,0.0,,,,,,,,,
478,0.0,,,,,,,,,
479,0.0,,,,,,,,,
480,0.0,,,,,,,,,
481,2.0,,,,,,,,,
482,2.0,,,,,,,,,
483,2.0,,,,,,,,,
484,2.0,,,,,,,,,
485,2.0,,,,,,,,,
486,2.0,,,,,,,,,
487,0.0,,,,,,,,,
488,0.0,,,,,,,,,
489,0.0,,,,,,,,,
490,0.0,,,,,,,,,
491,4.0,,,,,,,,,
492,4.0,,,,,,,,,
493,0.0,,,,,,,,,
494,0.0,24.217647058823523,24.63882352941176,25.06,51.94999999999999,49.68066666666665,47.41133333333332,0.16749493332497972,0.0033509176571670934,0.25683837468476584
495,0.0,24.136333333333322,24.542988095238094,24.949642857142862,52.11466666666668,51.82099404761905,51.52732142857143,0.0,0.0,0.0
496,0.0,23.527916666666663,24.04553442028986,24.563152173913064,51.54152777777781,51.735492149758464,51.92945652173912,0.0,0.0,0.0
497,0.0,23.15557377049179,23.611172301912575,24.06677083333336,49.07778688524589,48.5154038592896,47.953020833333305,0.0,0.0,0.0
498,0.0,22.788979591836732,23.11377551020408,23.438571428571425,52.162857142857135,52.4563775510204,52.74989795918367,0.0,0.0,0.0
499,0.0,21.28097222222222,21.699236111111105,22.117499999999986,57.0475,56.273250000000004,55.499,0.0,0.00014854496065443273,8.335845910192733e-05
500,0.0,20.241935483870975,20.717519466073426,21.193103448275878,57.33612903225804,56.560593251761205,55.78505747126437,0.0,0.0,0.00022735930434980884
501,4.0,20.753380281690145,21.700290140845077,22.647200000000005,62.566901408450704,65.12295070422539,67.67900000000007,0.009509157045913128,0.023685265983650724,0.032052230942275314
502,0.0,20.800943396226415,21.517228454869965,22.233513513513515,67.22339622641509,67.02669811320757,66.83000000000004,0.0029036944742910453,0.004171306757462909,0.008152301267874916
503,0.0,20.52700000000002,21.46382163742691,22.400643274853806,65.08575000000005,65.46515570175437,65.84456140350869,0.0,0.0,0.0
504,0.0,20.36443609022555,21.37218639954316,22.37993670886077,64.5875187969925,62.93391762634436,61.28031645569622,0.005587777037199587,0.007512771100158934,0.005632897877612878
505,3.0,21.561746031746043,22.232396004378767,22.90304597701149,63.56452380952378,63.72990558292279,63.8952873563218,0.01302617053433197,0.031342837241037716,0.02228760550805218
506,3.0,21.71557894736842,22.481696758452422,23.247814569536423,59.551368421052665,62.35326699198329,65.15516556291391,0.013579244109784621,0.024134582022289106,0.02542472940030229
507,3.0,21.793020833333347,22.509701906028386,23.226382978723425,55.82958333333331,59.29500443262414,62.760425531914976,0.017624420409562476,0.020374841908462345,0.023222891159008763
508,3.0,20.703928571428584,21.557002164502173,22.410075757575765,51.279523809523816,53.89771645021645,56.51590909090909,0.01352500136427295,0.02912934352329954,0.023670828284311066
509,4.0,21.867364864864875,23.390426618478934,24.913488372092996,50.783851351351345,50.89780939660592,51.0117674418605,0.009515420985178847,0.004265030231746728,0.011588626202398287
510,4.0,23.464193548387087,23.695185009487663,23.92617647058824,54.826532258064546,59.491413187855805,64.15629411764706,0.02935459145240559,0.03273723335305699,0.04010702429941499
511,0.0,20.644215686274514,21.687376660341563,22.73053763440861,54.094803921568634,51.934014864010116,49.7732258064516,0.004603362714915628,0.0037318789871990696,0.00627710285262108
512,0.0,19.14863636363636,19.636872529644258,20.12510869565216,56.97272727272733,55.52924407114626,54.085760869565185,0.0012143815945630395,0.0023087673945031894,0.002912048529668733
513,0.0,19.787545454545448,19.98215656565656,20.176767676767675,57.14345454545458,56.92793939393942,56.712424242424255,0.0,0.0,0.0
514,0.0,18.70716535433072,19.292351907934602,19.87753846153848,62.959133858267776,60.982990006056966,59.00684615384615,0.0,0.0,0.0
515,0.0,19.0306878306878,19.305395728815405,19.580103626943014,69.75269841269836,68.66458754831808,67.57647668393781,0.0002420584286586228,0.00015488772029052182,0.00047858510570464985
516,4.0,21.36602040816329,22.216555658627097,23.067090909090904,65.50928571428572,66.14897012987015,66.78865454545456,0.045088346038289824,0.03079704943458529,0.06139522971882863
517,4.0,21.011100000000003,22.839805952380956,24.668511904761907,61.65140000000001,58.26724761904764,54.88309523809527,0.058620069035532345,0.02430857116215672,0.06520049216327503
518,0.0,16.59411764705883,17.84048739495799,19.086857142857152,51.00509803921571,46.94121568627452,42.877333333333326,0.0,0.0,0.0
519,0.0,14.055925925925923,15.273340321453523,16.490754716981122,51.51027777777774,47.765657756813404,44.02103773584907,0.0,0.0,0.0002055130366373139
520,0.0,13.177272727272744,13.87257253384914,14.567872340425536,54.51242424242423,52.07472275950998,49.637021276595725,0.0,0.0,0.0
521,0.0,13.6429411764706,14.1030330882353,14.563125000000001,67.07258823529412,65.77941911764705,64.48625,0.0,8.140847576496742e-05,8.137160591173554e-05
522,0.0,15.834050632911403,17.071235842771486,18.30842105263157,60.06316455696202,57.8855881264342,55.708011695906386,0.0002474999477718125,0.0004045994375360754,0.0003739606270310924
523,4.0,22.487098765432098,22.538426683329554,22.58975460122701,54.33172839506174,56.84920775581308,59.36668711656442,0.029228711663383217,0.05435788480677863,0.050066747360576334
524,0.0,17.475963302752277,18.295981651376138,19.116,59.251743119266074,56.770371559633055,54.28900000000004,0.00031398610837831846,0.0012590412399073275,0.000597487388633018
525,0.0,15.553999999999997,16.055983050847455,16.557966101694912,61.83833333333334,60.61103107344633,59.383728813559316,0.0020696204697643913,0.0020229716696307286,0.005790253385913862
526,0.0,14.553571428571438,14.87695238095238,15.200333333333322,62.08388888888885,61.06827777777775,60.052666666666646,0.009018123312552933,0.00020767964032553877,0.0
527,0.0,15.099196428571409,15.291959325396803,15.484722222222196,62.734553571428584,62.18148974867725,61.62842592592591,0.0,0.0,0.0
528,0.0,15.791610169491532,15.90601875995944,16.02042735042735,63.77381355932206,63.38126575402003,62.988717948718,0.0,0.0,0.0
529,0.0,16.828415300546457,17.38615050741609,17.94388571428572,64.01950819672132,62.2870112412178,60.55451428571428,8.117625318081797e-05,0.00014077626074761654,0.0005637218919509422
530,4.0,19.980194552529166,21.800720171887477,23.621245791245787,55.813346303501966,51.02970345478131,46.24606060606065,0.020390026750300105,0.04652548439708396,0.03857937859298052
531,4.0,25.626966966966954,24.109145021945004,22.591323076923054,43.84438438438439,52.08937680757679,60.33436923076919,0.03321335423763312,0.08542107667681144,0.06877384859334362
